T_s,T_over_P,safe,cond_phi_rv,dv1_m_s,dv2_m_s,dv_total_m_s,closure_error_m
300.000000,0.05401878,True,1.058714e+00,3.223721,3.223899,6.447620,3.553e-15
305.000000,0.05491909,True,1.060727e+00,3.172540,3.172722,6.345262,1.137e-13
310.000000,0.05581940,True,1.062775e+00,3.123028,3.123212,6.246240,0.000e+00
315.000000,0.05671972,True,1.064859e+00,3.075103,3.075290,6.150393,1.271e-13
320.000000,0.05762003,True,1.066980e+00,3.028692,3.028882,6.057573,0.000e+00
325.000000,0.05852034,True,1.069137e+00,2.983723,2.983916,5.967639,5.684e-14
330.000000,0.05942066,True,1.071330e+00,2.940131,2.940327,5.880458,0.000e+00
335.000000,0.06032097,True,1.073560e+00,2.897854,2.898053,5.795907,0.000e+00
340.000000,0.06122128,True,1.075826e+00,2.856833,2.857035,5.713868,2.274e-13
345.000000,0.06212160,True,1.078130e+00,2.817014,2.817218,5.634232,5.684e-14
350.000000,0.06302191,True,1.080470e+00,2.778344,2.778551,5.556895,0.000e+00
355.000000,0.06392222,True,1.082848e+00,2.740774,2.740984,5.481758,3.553e-15
360.000000,0.06482253,True,1.085262e+00,2.704259,2.704472,5.408730,1.271e-13
365.000000,0.06572285,True,1.087715e+00,2.668754,2.668970,5.337723,3.553e-15
370.000000,0.06662316,True,1.090205e+00,2.634218,2.634437,5.268655,1.271e-13
375.000000,0.06752347,True,1.092732e+00,2.600612,2.600834,5.201446,5.684e-14
380.000000,0.06842379,True,1.095298e+00,2.567899,2.568123,5.136023,0.000e+00
385.000000,0.06932410,True,1.097902e+00,2.536044,2.536271,5.072315,0.000e+00
390.000000,0.07022441,True,1.100544e+00,2.505013,2.505243,5.010256,3.553e-15
395.000000,0.07112473,True,1.103224e+00,2.474775,2.475007,4.949782,3.553e-15
400.000000,0.07202504,True,1.105943e+00,2.445299,2.445535,4.890834,5.684e-14
405.000000,0.07292535,True,1.108701e+00,2.416557,2.416796,4.833353,1.272e-13
410.000000,0.07382566,True,1.111498e+00,2.388523,2.388764,4.777286,1.137e-13
415.000000,0.07472598,True,1.114334e+00,2.361169,2.361412,4.722581,0.000e+00
420.000000,0.07562629,True,1.117209e+00,2.334471,2.334717,4.669188,3.553e-15
425.000000,0.07652660,True,1.120124e+00,2.308406,2.308655,4.617061,1.137e-13
430.000000,0.07742692,True,1.123079e+00,2.282951,2.283203,4.566154,3.553e-15
435.000000,0.07832723,True,1.126073e+00,2.258085,2.258340,4.516425,1.271e-13
440.000000,0.07922754,True,1.129108e+00,2.233788,2.234045,4.467833,1.137e-13
445.000000,0.08012785,True,1.132182e+00,2.210039,2.210300,4.420339,1.271e-13
450.000000,0.08102817,True,1.135297e+00,2.186821,2.187085,4.373906,2.344e-13
455.000000,0.08192848,True,1.138453e+00,2.164116,2.164382,4.328498,3.553e-15
460.000000,0.08282879,True,1.141650e+00,2.141906,2.142175,4.284082,5.684e-14
465.000000,0.08372911,True,1.144888e+00,2.120176,2.120448,4.240624,1.608e-13
470.000000,0.08462942,True,1.148167e+00,2.098909,2.099184,4.198093,5.684e-14
475.000000,0.08552973,True,1.151488e+00,2.078091,2.078369,4.156460,0.000e+00
480.000000,0.08643005,True,1.154850e+00,2.057708,2.057988,4.115696,5.695e-14
485.000000,0.08733036,True,1.158255e+00,2.037745,2.038028,4.075773,3.553e-15
490.000000,0.08823067,True,1.161701e+00,2.018190,2.018475,4.036665,5.695e-14
495.000000,0.08913098,True,1.165190e+00,1.999029,1.999318,3.998347,0.000e+00
500.000000,0.09003130,True,1.168721e+00,1.980252,1.980543,3.960795,1.137e-13
505.000000,0.09093161,True,1.172296e+00,1.961846,1.962139,3.923985,5.695e-14
510.000000,0.09183192,True,1.175913e+00,1.943799,1.944095,3.887894,5.695e-14
515.000000,0.09273224,True,1.179574e+00,1.926102,1.926401,3.852503,5.695e-14
520.000000,0.09363255,True,1.183278e+00,1.908744,1.909045,3.817789,1.272e-13
525.000000,0.09453286,True,1.187026e+00,1.891714,1.892019,3.783733,5.684e-14
530.000000,0.09543318,True,1.190817e+00,1.875004,1.875311,3.750315,5.684e-14
535.000000,0.09633349,True,1.194654e+00,1.858604,1.858914,3.717519,5.684e-14
540.000000,0.09723380,True,1.198534e+00,1.842506,1.842818,3.685324,2.344e-13
545.000000,0.09813411,True,1.202460e+00,1.826700,1.827015,3.653716,0.000e+00
550.000000,0.09903443,True,1.206430e+00,1.811179,1.811497,3.622676,2.274e-13
555.000000,0.09993474,True,1.210446e+00,1.795935,1.796255,3.592190,5.695e-14
560.000000,0.10083505,True,1.214507e+00,1.780959,1.781282,3.562241,0.000e+00
565.000000,0.10173537,True,1.218614e+00,1.766245,1.766571,3.532817,3.553e-15
570.000000,0.10263568,True,1.222767e+00,1.751786,1.752115,3.503901,1.137e-13
575.000000,0.10353599,True,1.226967e+00,1.737574,1.737906,3.475480,2.274e-13
580.000000,0.10443631,True,1.231213e+00,1.723604,1.723938,3.447542,2.274e-13
585.000000,0.10533662,True,1.235506e+00,1.709868,1.710205,3.420073,0.000e+00
590.000000,0.10623693,True,1.239846e+00,1.696361,1.696700,3.393061,0.000e+00
595.000000,0.10713724,True,1.244233e+00,1.683076,1.683418,3.366494,0.000e+00
600.000000,0.10803756,True,1.248668e+00,1.670008,1.670353,3.340361,0.000e+00
605.000000,0.10893787,True,1.253152e+00,1.657151,1.657499,3.314650,0.000e+00
610.000000,0.10983818,True,1.257683e+00,1.644500,1.644850,3.289351,0.000e+00
615.000000,0.11073850,True,1.262263e+00,1.632050,1.632403,3.264453,1.137e-13
620.000000,0.11163881,True,1.266892e+00,1.619795,1.620151,3.239946,0.000e+00
625.000000,0.11253912,True,1.271570e+00,1.607731,1.608089,3.215820,0.000e+00
630.000000,0.11343944,True,1.276298e+00,1.595853,1.596214,3.192067,0.000e+00
635.000000,0.11433975,True,1.281075e+00,1.584157,1.584520,3.168677,1.137e-13
640.000000,0.11524006,True,1.285903e+00,1.572637,1.573003,3.145640,0.000e+00
645.000000,0.11614037,True,1.290781e+00,1.561290,1.561659,3.122949,2.274e-13
650.000000,0.11704069,True,1.295710e+00,1.550112,1.550484,3.100596,2.274e-13
655.000000,0.11794100,True,1.300690e+00,1.539098,1.539473,3.078571,0.000e+00
660.000000,0.11884131,True,1.305721e+00,1.528245,1.528622,3.056868,0.000e+00
665.000000,0.11974163,True,1.310804e+00,1.517549,1.517929,3.035478,2.274e-13
670.000000,0.12064194,True,1.315939e+00,1.507007,1.507389,3.014395,0.000e+00
675.000000,0.12154225,True,1.321127e+00,1.496614,1.496998,2.993612,3.553e-15
680.000000,0.12244256,True,1.326367e+00,1.486367,1.486754,2.973121,0.000e+00
685.000000,0.12334288,True,1.331661e+00,1.476263,1.476653,2.952915,0.000e+00
690.000000,0.12424319,True,1.337007e+00,1.466298,1.466691,2.932989,0.000e+00
695.000000,0.12514350,True,1.342408e+00,1.456471,1.456866,2.913337,1.137e-13
700.000000,0.12604382,True,1.347863e+00,1.446776,1.447174,2.893951,0.000e+00
705.000000,0.12694413,True,1.353372e+00,1.437212,1.437613,2.874825,1.137e-13
710.000000,0.12784444,True,1.358936e+00,1.427776,1.428180,2.855956,0.000e+00
715.000000,0.12874476,True,1.364556e+00,1.418465,1.418871,2.837335,0.000e+00
720.000000,0.12964507,True,1.370231e+00,1.409275,1.409684,2.818959,0.000e+00
725.000000,0.13054538,True,1.375962e+00,1.400206,1.400617,2.800822,1.137e-13
730.000000,0.13144569,True,1.381749e+00,1.391253,1.391666,2.782919,0.000e+00
735.000000,0.13234601,True,1.387594e+00,1.382414,1.382831,2.765245,1.137e-13
740.000000,0.13324632,True,1.393495e+00,1.373687,1.374107,2.747794,1.137e-13
745.000000,0.13414663,True,1.399454e+00,1.365070,1.365492,2.730563,1.137e-13
750.000000,0.13504695,True,1.405471e+00,1.356561,1.356985,2.713546,0.000e+00
755.000000,0.13594726,True,1.411546e+00,1.348156,1.348583,2.696739,2.274e-13
760.000000,0.13684757,True,1.417680e+00,1.339854,1.340284,2.680138,0.000e+00
765.000000,0.13774789,True,1.423873e+00,1.331653,1.332086,2.663739,0.000e+00
770.000000,0.13864820,True,1.430125e+00,1.323551,1.323986,2.647537,1.137e-13
775.000000,0.13954851,True,1.436438e+00,1.315546,1.315984,2.631529,1.137e-13
780.000000,0.14044882,True,1.442811e+00,1.307635,1.308076,2.615711,0.000e+00
785.000000,0.14134914,True,1.449245e+00,1.299817,1.300260,2.600078,0.000e+00
790.000000,0.14224945,True,1.455740e+00,1.292091,1.292536,2.584627,0.000e+00
795.000000,0.14314976,True,1.462297e+00,1.284453,1.284902,2.569355,3.553e-15
800.000000,0.14405008,True,1.468916e+00,1.276903,1.277354,2.554258,1.137e-13
805.000000,0.14495039,True,1.475598e+00,1.269439,1.269893,2.539332,1.137e-13
810.000000,0.14585070,True,1.482343e+00,1.262059,1.262516,2.524575,3.553e-15
815.000000,0.14675102,True,1.489151e+00,1.254762,1.255221,2.509983,0.000e+00
820.000000,0.14765133,True,1.496023e+00,1.247545,1.248007,2.495552,0.000e+00
825.000000,0.14855164,True,1.502960e+00,1.240408,1.240873,2.481281,0.000e+00
830.000000,0.14945195,True,1.509961e+00,1.233349,1.233816,2.467165,0.000e+00
835.000000,0.15035227,True,1.517028e+00,1.226366,1.226836,2.453202,1.137e-13
840.000000,0.15125258,True,1.524161e+00,1.219459,1.219931,2.439389,1.608e-13
845.000000,0.15215289,True,1.531361e+00,1.212624,1.213099,2.425724,1.137e-13
850.000000,0.15305321,True,1.538627e+00,1.205863,1.206340,2.412203,1.137e-13
855.000000,0.15395352,True,1.545960e+00,1.199172,1.199652,2.398824,2.274e-13
860.000000,0.15485383,True,1.553362e+00,1.192550,1.193033,2.385584,1.137e-13
865.000000,0.15575414,True,1.560831e+00,1.185998,1.186483,2.372481,1.137e-13
870.000000,0.15665446,True,1.568370e+00,1.179512,1.180000,2.359512,1.137e-13
875.000000,0.15755477,True,1.575978e+00,1.173092,1.173583,2.346675,2.274e-13
880.000000,0.15845508,True,1.583656e+00,1.166737,1.167231,2.333968,1.608e-13
885.000000,0.15935540,True,1.591404e+00,1.160446,1.160942,2.321388,1.137e-13
890.000000,0.16025571,True,1.599224e+00,1.154217,1.154716,2.308934,1.137e-13
895.000000,0.16115602,True,1.607115e+00,1.148050,1.148552,2.296602,1.137e-13
900.000000,0.16205634,True,1.615078e+00,1.141943,1.142448,2.284391,1.137e-13
905.000000,0.16295665,True,1.623114e+00,1.135896,1.136403,2.272299,2.274e-13
910.000000,0.16385696,True,1.631223e+00,1.129907,1.130416,2.260323,1.137e-13
915.000000,0.16475727,True,1.639405e+00,1.123975,1.124487,2.248462,1.137e-13
920.000000,0.16565759,True,1.647662e+00,1.118099,1.118615,2.236714,1.137e-13
925.000000,0.16655790,True,1.655995e+00,1.112280,1.112797,2.225077,0.000e+00
930.000000,0.16745821,True,1.664402e+00,1.106514,1.107035,2.213549,1.137e-13
935.000000,0.16835853,True,1.672886e+00,1.100802,1.101325,2.202128,2.274e-13
940.000000,0.16925884,True,1.681446e+00,1.095143,1.095669,2.190812,1.137e-13
945.000000,0.17015915,True,1.690084e+00,1.089536,1.090064,2.179600,1.608e-13
950.000000,0.17105947,True,1.698800e+00,1.083980,1.084511,2.168491,1.137e-13
955.000000,0.17195978,True,1.707594e+00,1.078474,1.079008,2.157481,1.137e-13
960.000000,0.17286009,True,1.716468e+00,1.073017,1.073554,2.146571,1.608e-13
965.000000,0.17376040,True,1.725421e+00,1.067609,1.068148,2.135758,1.137e-13
970.000000,0.17466072,True,1.734455e+00,1.062249,1.062791,2.125040,0.000e+00
975.000000,0.17556103,True,1.743570e+00,1.056936,1.057481,2.114417,1.137e-13
980.000000,0.17646134,True,1.752767e+00,1.051669,1.052217,2.103886,1.137e-13
985.000000,0.17736166,True,1.762046e+00,1.046448,1.046998,2.093446,1.137e-13
990.000000,0.17826197,True,1.771409e+00,1.041272,1.041825,2.083097,1.608e-13
995.000000,0.17916228,True,1.780855e+00,1.036140,1.036696,2.072836,1.137e-13
1000.000000,0.18006260,True,1.790386e+00,1.031052,1.031610,2.062662,1.137e-13
1005.000000,0.18096291,True,1.800002e+00,1.026006,1.026567,2.052573,1.776e-15
1010.000000,0.18186322,True,1.809703e+00,1.021003,1.021567,2.042570,3.411e-13
1015.000000,0.18276353,True,1.819492e+00,1.016041,1.016608,2.032649,0.000e+00
1020.000000,0.18366385,True,1.829367e+00,1.011121,1.011690,2.022811,2.542e-13
1025.000000,0.18456416,True,1.839331e+00,1.006240,1.006813,2.013053,1.137e-13
1030.000000,0.18546447,True,1.849384e+00,1.001400,1.001975,2.003375,1.137e-13
1035.000000,0.18636479,True,1.859526e+00,0.996599,0.997177,1.993775,0.000e+00
1040.000000,0.18726510,True,1.869759e+00,0.991836,0.992417,1.984253,1.137e-13
1045.000000,0.18816541,True,1.880082e+00,0.987112,0.987695,1.974807,2.542e-13
1050.000000,0.18906573,True,1.890497e+00,0.982425,0.983011,1.965436,1.137e-13
1055.000000,0.18996604,True,1.901005e+00,0.977775,0.978364,1.956139,1.137e-13
1060.000000,0.19086635,True,1.911607e+00,0.973161,0.973753,1.946915,1.776e-15
1065.000000,0.19176666,True,1.922302e+00,0.968584,0.969178,1.937762,0.000e+00
1070.000000,0.19266698,True,1.933093e+00,0.964042,0.964639,1.928681,1.137e-13
1075.000000,0.19356729,True,1.943980e+00,0.959535,0.960135,1.919670,0.000e+00
1080.000000,0.19446760,True,1.954963e+00,0.955062,0.955665,1.910728,1.137e-13
1085.000000,0.19536792,True,1.966043e+00,0.950624,0.951230,1.901854,1.776e-15
1090.000000,0.19626823,True,1.977222e+00,0.946219,0.946828,1.893047,1.608e-13
1095.000000,0.19716854,True,1.988501e+00,0.941847,0.942459,1.884306,1.137e-13
1100.000000,0.19806885,True,1.999879e+00,0.937508,0.938122,1.875630,0.000e+00
1105.000000,0.19896917,True,2.011358e+00,0.933201,0.933818,1.867019,1.137e-13
1110.000000,0.19986948,True,2.022939e+00,0.928926,0.929546,1.858472,1.137e-13
1115.000000,0.20076979,True,2.034623e+00,0.924682,0.925305,1.849987,1.608e-13
1120.000000,0.20167011,True,2.046411e+00,0.920469,0.921095,1.841564,1.137e-13
1125.000000,0.20257042,True,2.058303e+00,0.916287,0.916916,1.833203,1.608e-13
1130.000000,0.20347073,True,2.070301e+00,0.912135,0.912766,1.824902,0.000e+00
1135.000000,0.20437105,True,2.082405e+00,0.908013,0.908647,1.816660,1.137e-13
1140.000000,0.20527136,True,2.094617e+00,0.903920,0.904557,1.808477,0.000e+00
1145.000000,0.20617167,True,2.106937e+00,0.899856,0.900496,1.800352,0.000e+00
1150.000000,0.20707198,True,2.119366e+00,0.895821,0.896464,1.792285,8.882e-16
1155.000000,0.20797230,True,2.131906e+00,0.891814,0.892460,1.784274,2.274e-13
1160.000000,0.20887261,True,2.144557e+00,0.887835,0.888484,1.776319,1.608e-13
1165.000000,0.20977292,True,2.157321e+00,0.883884,0.884535,1.768419,1.137e-13
1170.000000,0.21067324,True,2.170198e+00,0.879960,0.880614,1.760573,1.608e-13
1175.000000,0.21157355,True,2.183189e+00,0.876062,0.876720,1.752782,1.137e-13
1180.000000,0.21247386,True,2.196297e+00,0.872192,0.872852,1.745044,1.137e-13
1185.000000,0.21337418,True,2.209520e+00,0.868348,0.869011,1.737358,1.137e-13
1190.000000,0.21427449,True,2.222862e+00,0.864529,0.865195,1.729724,2.274e-13
1195.000000,0.21517480,True,2.236322e+00,0.860737,0.861405,1.722142,8.882e-16
1200.000000,0.21607511,True,2.249902e+00,0.856969,0.857641,1.714610,1.137e-13
1205.000000,0.21697543,True,2.263604e+00,0.853227,0.853902,1.707129,1.608e-13
1210.000000,0.21787574,True,2.277427e+00,0.849509,0.850187,1.699697,0.000e+00
1215.000000,0.21877605,True,2.291374e+00,0.845816,0.846497,1.692314,1.137e-13
1220.000000,0.21967637,True,2.305445e+00,0.842148,0.842831,1.684979,1.137e-13
1225.000000,0.22057668,True,2.319643e+00,0.838503,0.839189,1.677692,1.137e-13
1230.000000,0.22147699,True,2.333967e+00,0.834881,0.835571,1.670452,2.542e-13
1235.000000,0.22237731,True,2.348419e+00,0.831283,0.831976,1.663260,8.882e-16
1240.000000,0.22327762,True,2.363000e+00,0.827709,0.828404,1.656113,1.608e-13
1245.000000,0.22417793,True,2.377712e+00,0.824157,0.824855,1.649012,1.137e-13
1250.000000,0.22507824,True,2.392557e+00,0.820627,0.821329,1.641956,0.000e+00
1255.000000,0.22597856,True,2.407534e+00,0.817120,0.817825,1.634945,1.137e-13
1260.000000,0.22687887,True,2.422646e+00,0.813635,0.814343,1.627979,1.137e-13
1265.000000,0.22777918,True,2.437893e+00,0.810172,0.810883,1.621056,1.137e-13
1270.000000,0.22867950,True,2.453278e+00,0.806731,0.807445,1.614176,0.000e+00
1275.000000,0.22957981,True,2.468801e+00,0.803311,0.804028,1.607339,3.595e-13
1280.000000,0.23048012,True,2.484464e+00,0.799912,0.800632,1.600544,1.608e-13
1285.000000,0.23138044,True,2.500269e+00,0.796534,0.797257,1.593791,1.137e-13
1290.000000,0.23228075,True,2.516216e+00,0.793177,0.793903,1.587080,1.608e-13
1295.000000,0.23318106,True,2.532307e+00,0.789840,0.790569,1.580410,2.274e-13
1300.000000,0.23408137,True,2.548543e+00,0.786524,0.787256,1.573780,0.000e+00
1305.000000,0.23498169,True,2.564927e+00,0.783228,0.783963,1.567190,4.441e-16
1310.000000,0.23588200,True,2.581459e+00,0.779951,0.780689,1.560641,1.608e-13
1315.000000,0.23678231,True,2.598142e+00,0.776694,0.777436,1.554130,2.274e-13
1320.000000,0.23768263,True,2.614976e+00,0.773457,0.774202,1.547659,1.137e-13
1325.000000,0.23858294,True,2.631963e+00,0.770239,0.770987,1.541226,1.137e-13
1330.000000,0.23948325,True,2.649104e+00,0.767040,0.767791,1.534831,3.595e-13
1335.000000,0.24038356,True,2.666402e+00,0.763860,0.764614,1.528474,1.137e-13
1340.000000,0.24128388,True,2.683858e+00,0.760699,0.761456,1.522154,1.137e-13
1345.000000,0.24218419,True,2.701473e+00,0.757556,0.758316,1.515872,2.274e-13
1350.000000,0.24308450,True,2.719250e+00,0.754431,0.755194,1.509626,0.000e+00
1355.000000,0.24398482,True,2.737190e+00,0.751325,0.752091,1.503416,2.542e-13
1360.000000,0.24488513,True,2.755294e+00,0.748237,0.749006,1.497243,1.137e-13
1365.000000,0.24578544,True,2.773564e+00,0.745166,0.745939,1.491105,1.137e-13
1370.000000,0.24668576,True,2.792003e+00,0.742113,0.742889,1.485002,1.608e-13
1375.000000,0.24758607,True,2.810612e+00,0.739078,0.739857,1.478934,1.137e-13
1380.000000,0.24848638,True,2.829392e+00,0.736059,0.736842,1.472901,1.608e-13
1385.000000,0.24938669,True,2.848346e+00,0.733058,0.733844,1.466902,1.608e-13
1390.000000,0.25028701,True,2.867475e+00,0.730074,0.730863,1.460937,1.137e-13
1395.000000,0.25118732,True,2.886782e+00,0.727107,0.727899,1.455006,2.776e-17
1400.000000,0.25208763,True,2.906268e+00,0.724157,0.724952,1.449108,0.000e+00
1405.000000,0.25298795,True,2.925935e+00,0.721223,0.722021,1.443244,0.000e+00
1410.000000,0.25388826,True,2.945785e+00,0.718305,0.719106,1.437412,0.000e+00
1415.000000,0.25478857,True,2.965821e+00,0.715404,0.716208,1.431612,1.608e-13
1420.000000,0.25568889,True,2.986043e+00,0.712518,0.713326,1.425844,1.137e-13
1425.000000,0.25658920,True,3.006456e+00,0.709649,0.710460,1.420109,0.000e+00
1430.000000,0.25748951,True,3.027059e+00,0.706795,0.707610,1.414405,0.000e+00
1435.000000,0.25838982,True,3.047856e+00,0.703957,0.704775,1.408732,0.000e+00
1440.000000,0.25929014,True,3.068849e+00,0.701135,0.701956,1.403091,1.137e-13
1445.000000,0.26019045,True,3.090039e+00,0.698328,0.699152,1.397480,1.137e-13
1450.000000,0.26109076,True,3.111430e+00,0.695536,0.696364,1.391899,1.608e-13
1455.000000,0.26199108,True,3.133023e+00,0.692759,0.693590,1.386349,1.137e-13
1460.000000,0.26289139,True,3.154821e+00,0.689997,0.690832,1.380829,2.274e-13
1465.000000,0.26379170,True,3.176826e+00,0.687251,0.688088,1.375339,1.137e-13
1470.000000,0.26469202,True,3.199041e+00,0.684518,0.685359,1.369878,1.608e-13
1475.000000,0.26559233,True,3.221467e+00,0.681801,0.682645,1.364446,1.137e-13
1480.000000,0.26649264,True,3.244107e+00,0.679098,0.679945,1.359043,2.274e-13
1485.000000,0.26739295,True,3.266965e+00,0.676409,0.677260,1.353669,1.137e-13
1490.000000,0.26829327,True,3.290041e+00,0.673735,0.674589,1.348324,1.137e-13
1495.000000,0.26919358,True,3.313339e+00,0.671074,0.671932,1.343006,2.542e-13
1500.000000,0.27009389,True,3.336862e+00,0.668428,0.669289,1.337717,1.137e-13
1505.000000,0.27099421,True,3.360612e+00,0.665796,0.666660,1.332456,2.542e-13
1510.000000,0.27189452,True,3.384592e+00,0.663177,0.664045,1.327222,1.608e-13
1515.000000,0.27279483,True,3.408804e+00,0.660572,0.661443,1.322015,2.274e-13
1520.000000,0.27369514,True,3.433252e+00,0.657981,0.658855,1.316836,2.542e-13
1525.000000,0.27459546,True,3.457937e+00,0.655403,0.656281,1.311684,0.000e+00
1530.000000,0.27549577,True,3.482864e+00,0.652838,0.653720,1.306558,0.000e+00
1535.000000,0.27639608,True,3.508034e+00,0.650287,0.651172,1.301459,1.137e-13
1540.000000,0.27729640,True,3.533452e+00,0.647749,0.648637,1.296386,0.000e+00
1545.000000,0.27819671,True,3.559119e+00,0.645223,0.646116,1.291339,0.000e+00
1550.000000,0.27909702,True,3.585039e+00,0.642711,0.643607,1.286318,2.274e-13
1555.000000,0.27999734,True,3.611215e+00,0.640212,0.641111,1.281323,1.608e-13
1560.000000,0.28089765,True,3.637651e+00,0.637725,0.638628,1.276353,1.137e-13
1565.000000,0.28179796,True,3.664348e+00,0.635251,0.636157,1.271409,0.000e+00
1570.000000,0.28269827,True,3.691312e+00,0.632790,0.633700,1.266490,5.684e-14
1575.000000,0.28359859,True,3.718544e+00,0.630341,0.631254,1.261595,1.137e-13
1580.000000,0.28449890,True,3.746049e+00,0.627904,0.628821,1.256726,1.608e-13
1585.000000,0.28539921,True,3.773830e+00,0.625480,0.626400,1.251881,5.684e-14
1590.000000,0.28629953,True,3.801890e+00,0.623068,0.623992,1.247060,5.685e-14
1595.000000,0.28719984,True,3.830232e+00,0.620668,0.621595,1.242263,3.458e-13
1600.000000,0.28810015,True,3.858862e+00,0.618280,0.619211,1.237491,5.684e-14
1605.000000,0.28900047,True,3.887781e+00,0.615904,0.616838,1.232742,1.137e-13
1610.000000,0.28990078,True,3.916994e+00,0.613540,0.614478,1.228017,0.000e+00
1615.000000,0.29080109,True,3.946505e+00,0.611187,0.612129,1.223316,2.542e-13
1620.000000,0.29170140,True,3.976318e+00,0.608846,0.609792,1.218638,1.271e-13
1625.000000,0.29260172,True,4.006436e+00,0.606517,0.607466,1.213983,2.542e-13
1630.000000,0.29350203,True,4.036864e+00,0.604199,0.605152,1.209351,0.000e+00
1635.000000,0.29440234,True,4.067605e+00,0.601893,0.602849,1.204742,0.000e+00
1640.000000,0.29530266,True,4.098664e+00,0.599598,0.600558,1.200156,1.271e-13
1645.000000,0.29620297,True,4.130045e+00,0.597314,0.598278,1.195592,1.137e-13
1650.000000,0.29710328,True,4.161752e+00,0.595042,0.596009,1.191051,1.271e-13
1655.000000,0.29800360,True,4.193790e+00,0.592780,0.593751,1.186531,1.137e-13
1660.000000,0.29890391,True,4.226163e+00,0.590530,0.591504,1.182034,1.137e-13
1665.000000,0.29980422,True,4.258876e+00,0.588290,0.589269,1.177559,1.608e-13
1670.000000,0.30070453,True,4.291933e+00,0.586062,0.587044,1.173106,0.000e+00
1675.000000,0.30160485,True,4.325339e+00,0.583844,0.584830,1.168674,1.137e-13
1680.000000,0.30250516,True,4.359098e+00,0.581637,0.582627,1.164264,0.000e+00
1685.000000,0.30340547,True,4.393217e+00,0.579441,0.580434,1.159875,5.684e-14
1690.000000,0.30430579,True,4.427699e+00,0.577255,0.578252,1.155507,2.344e-13
1695.000000,0.30520610,True,4.462550e+00,0.575080,0.576081,1.151160,5.687e-14
1700.000000,0.30610641,True,4.497774e+00,0.572915,0.573920,1.146835,5.684e-14
1705.000000,0.30700673,True,4.533378e+00,0.570761,0.571769,1.142530,1.271e-13
1710.000000,0.30790704,True,4.569367e+00,0.568617,0.569629,1.138246,0.000e+00
1715.000000,0.30880735,True,4.605745e+00,0.566483,0.567499,1.133982,0.000e+00
1720.000000,0.30970766,True,4.642519e+00,0.564359,0.565379,1.129739,5.684e-14
1725.000000,0.31060798,True,4.679694e+00,0.562246,0.563270,1.125516,2.542e-13
1730.000000,0.31150829,True,4.717276e+00,0.560143,0.561170,1.121313,2.274e-13
1735.000000,0.31240860,True,4.755271e+00,0.558049,0.559080,1.117130,0.000e+00
1740.000000,0.31330892,True,4.793684e+00,0.555966,0.557001,1.112967,2.274e-13
1745.000000,0.31420923,True,4.832523e+00,0.553892,0.554931,1.108824,1.776e-15
1750.000000,0.31510954,True,4.871793e+00,0.551829,0.552871,1.104700,2.274e-13
1755.000000,0.31600985,True,4.911501e+00,0.549775,0.550821,1.100596,2.344e-13
1760.000000,0.31691017,True,4.951652e+00,0.547730,0.548781,1.096512,5.684e-14
1765.000000,0.31781048,True,4.992255e+00,0.545696,0.546750,1.092446,5.684e-14
1770.000000,0.31871079,True,5.033315e+00,0.543671,0.544729,1.088400,5.684e-14
1775.000000,0.31961111,True,5.074839e+00,0.541655,0.542718,1.084373,1.271e-13
1780.000000,0.32051142,True,5.116835e+00,0.539649,0.540716,1.080365,0.000e+00
1785.000000,0.32141173,True,5.159309e+00,0.537653,0.538723,1.076376,1.137e-13
1790.000000,0.32231205,True,5.202269e+00,0.535666,0.536740,1.072405,1.271e-13
1795.000000,0.32321236,True,5.245723e+00,0.533688,0.534766,1.068454,1.271e-13
1800.000000,0.32411267,True,5.289677e+00,0.531719,0.532801,1.064520,1.608e-13
1805.000000,0.32501298,True,5.334140e+00,0.529760,0.530846,1.060605,1.137e-13
1810.000000,0.32591330,True,5.379120e+00,0.527809,0.528900,1.056709,1.776e-15
1815.000000,0.32681361,True,5.424625e+00,0.525868,0.526962,1.052831,1.137e-13
1820.000000,0.32771392,True,5.470663e+00,0.523936,0.525034,1.048970,2.344e-13
1825.000000,0.32861424,True,5.517243e+00,0.522013,0.523115,1.045128,1.137e-13
1830.000000,0.32951455,True,5.564373e+00,0.520099,0.521205,1.041304,1.271e-13
1835.000000,0.33041486,True,5.612061e+00,0.518194,0.519304,1.037498,5.684e-14
1840.000000,0.33131518,True,5.660318e+00,0.516297,0.517412,1.033709,1.776e-15
1845.000000,0.33221549,True,5.709152e+00,0.514410,0.515528,1.029938,0.000e+00
1850.000000,0.33311580,True,5.758573e+00,0.512531,0.513653,1.026184,0.000e+00
1855.000000,0.33401611,True,5.808590e+00,0.510661,0.511787,1.022448,5.684e-14
1860.000000,0.33491643,True,5.859213e+00,0.508799,0.509930,1.018729,0.000e+00
1865.000000,0.33581674,True,5.910452e+00,0.506946,0.508081,1.015028,5.687e-14
1870.000000,0.33671705,True,5.962317e+00,0.505102,0.506241,1.011344,5.684e-14
1875.000000,0.33761737,True,6.014820e+00,0.503267,0.504410,1.007676,1.776e-15
1880.000000,0.33851768,True,6.067970e+00,0.501439,0.502587,1.004026,1.137e-13
1885.000000,0.33941799,True,6.121778e+00,0.499621,0.500772,1.000393,5.687e-14
1890.000000,0.34031831,True,6.176256e+00,0.497810,0.498966,0.996777,0.000e+00
1895.000000,0.34121862,True,6.231416e+00,0.496009,0.497168,0.993177,5.684e-14
1900.000000,0.34211893,True,6.287268e+00,0.494215,0.495379,0.989594,1.271e-13
1905.000000,0.34301924,True,6.343826e+00,0.492430,0.493598,0.986028,5.684e-14
1910.000000,0.34391956,True,6.401101e+00,0.490653,0.491825,0.982478,5.684e-14
1915.000000,0.34481987,True,6.459105e+00,0.488884,0.490061,0.978944,0.000e+00
1920.000000,0.34572018,True,6.517852e+00,0.487123,0.488304,0.975427,1.271e-13
1925.000000,0.34662050,True,6.577355e+00,0.485371,0.486556,0.971927,5.695e-14
1930.000000,0.34752081,True,6.637628e+00,0.483626,0.484816,0.968442,5.684e-14
1935.000000,0.34842112,True,6.698683e+00,0.481890,0.483084,0.964974,0.000e+00
1940.000000,0.34932144,True,6.760536e+00,0.480162,0.481360,0.961522,1.137e-13
1945.000000,0.35022175,True,6.823201e+00,0.478442,0.479644,0.958086,2.344e-13
1950.000000,0.35112206,True,6.886692e+00,0.476729,0.477936,0.954665,2.274e-13
1955.000000,0.35202237,True,6.951025e+00,0.475025,0.476236,0.951261,1.137e-13
1960.000000,0.35292269,True,7.016215e+00,0.473329,0.474544,0.947872,3.553e-15
1965.000000,0.35382300,True,7.082278e+00,0.471640,0.472860,0.944500,1.271e-13
1970.000000,0.35472331,True,7.149231e+00,0.469959,0.471183,0.941143,2.344e-13
1975.000000,0.35562363,True,7.217091e+00,0.468286,0.469515,0.937801,0.000e+00
1980.000000,0.35652394,True,7.285874e+00,0.466621,0.467854,0.934475,2.274e-13
1985.000000,0.35742425,True,7.355598e+00,0.464964,0.466201,0.931165,5.684e-14
1990.000000,0.35832456,True,7.426281e+00,0.463314,0.464556,0.927870,1.137e-13
1995.000000,0.35922488,True,7.497942e+00,0.461673,0.462918,0.924591,1.137e-13
2000.000000,0.36012519,True,7.570600e+00,0.460038,0.461289,0.921327,1.271e-13
2005.000000,0.36102550,True,7.644274e+00,0.458412,0.459667,0.918078,2.274e-13
2010.000000,0.36192582,True,7.718984e+00,0.456793,0.458052,0.914845,2.344e-13
2015.000000,0.36282613,True,7.794751e+00,0.455182,0.456445,0.911627,0.000e+00
2020.000000,0.36372644,True,7.871596e+00,0.453578,0.454846,0.908424,2.274e-13
2025.000000,0.36462676,True,7.949540e+00,0.451982,0.453254,0.905236,0.000e+00
2030.000000,0.36552707,True,8.028606e+00,0.450393,0.451670,0.902063,5.684e-14
2035.000000,0.36642738,True,8.108817e+00,0.448812,0.450094,0.898906,2.274e-13
2040.000000,0.36732769,True,8.190195e+00,0.447238,0.448524,0.895763,1.271e-13
2045.000000,0.36822801,True,8.272766e+00,0.445672,0.446963,0.892635,5.684e-14
2050.000000,0.36912832,True,8.356553e+00,0.444114,0.445409,0.889522,0.000e+00
2055.000000,0.37002863,True,8.441582e+00,0.442563,0.443862,0.886425,5.684e-14
2060.000000,0.37092895,True,8.527880e+00,0.441019,0.442323,0.883342,3.411e-13
2065.000000,0.37182926,True,8.615474e+00,0.439483,0.440791,0.880274,5.684e-14
2070.000000,0.37272957,True,8.704390e+00,0.437954,0.439267,0.877220,2.274e-13
2075.000000,0.37362989,True,8.794657e+00,0.436432,0.437750,0.874182,1.137e-13
2080.000000,0.37453020,True,8.886306e+00,0.434918,0.436240,0.871158,5.684e-14
2085.000000,0.37543051,True,8.979365e+00,0.433411,0.434738,0.868150,0.000e+00
2090.000000,0.37633082,True,9.073865e+00,0.431912,0.433244,0.865156,0.000e+00
2095.000000,0.37723114,True,9.169840e+00,0.430420,0.431756,0.862176,5.684e-14
2100.000000,0.37813145,True,9.267320e+00,0.428935,0.430276,0.859212,1.137e-13
2105.000000,0.37903176,True,9.366341e+00,0.427458,0.428804,0.856262,2.291e-13
2110.000000,0.37993208,True,9.466938e+00,0.425988,0.427338,0.853327,2.842e-14
2115.000000,0.38083239,True,9.569145e+00,0.424526,0.425880,0.850406,1.172e-13
2120.000000,0.38173270,True,9.673000e+00,0.423071,0.424430,0.847501,0.000e+00
2125.000000,0.38263302,True,9.778542e+00,0.421623,0.422987,0.844610,5.684e-14
2130.000000,0.38353333,True,9.885809e+00,0.420182,0.421551,0.841733,2.291e-13
2135.000000,0.38443364,True,9.994841e+00,0.418749,0.420123,0.838872,5.695e-14
2140.000000,0.38533395,True,1.010568e+01,0.417324,0.418702,0.836025,0.000e+00
2145.000000,0.38623427,True,1.021837e+01,0.415905,0.417288,0.833193,1.172e-13
2150.000000,0.38713458,True,1.033296e+01,0.414494,0.415882,0.830376,2.864e-14
2155.000000,0.38803489,True,1.044949e+01,0.413091,0.414483,0.827574,0.000e+00
2160.000000,0.38893521,True,1.056801e+01,0.411695,0.413091,0.824786,0.000e+00
2165.000000,0.38983552,True,1.068856e+01,0.410306,0.411708,0.822014,1.137e-13
2170.000000,0.39073583,True,1.081121e+01,0.408925,0.410331,0.819256,0.000e+00
2175.000000,0.39163614,True,1.093599e+01,0.407551,0.408962,0.816513,0.000e+00
2180.000000,0.39253646,True,1.106297e+01,0.406185,0.407601,0.813785,3.553e-15
2185.000000,0.39343677,True,1.119220e+01,0.404826,0.406247,0.811073,1.172e-13
2190.000000,0.39433708,True,1.132374e+01,0.403475,0.404900,0.808375,1.271e-13
2195.000000,0.39523740,True,1.145764e+01,0.402132,0.403561,0.805693,2.274e-13
2200.000000,0.39613771,True,1.159398e+01,0.400796,0.402230,0.803026,1.172e-13
2205.000000,0.39703802,True,1.173281e+01,0.399467,0.400907,0.800374,0.000e+00
2210.000000,0.39793834,True,1.187420e+01,0.398147,0.399591,0.797738,2.274e-13
2215.000000,0.39883865,True,1.201823e+01,0.396834,0.398283,0.795117,2.291e-13
2220.000000,0.39973896,True,1.216495e+01,0.395529,0.396983,0.792512,2.274e-13
2225.000000,0.40063927,True,1.231444e+01,0.394232,0.395690,0.789922,1.137e-13
2230.000000,0.40153959,True,1.246679e+01,0.392943,0.394406,0.787349,0.000e+00
2235.000000,0.40243990,True,1.262206e+01,0.391662,0.393129,0.784791,2.842e-14
2240.000000,0.40334021,True,1.278035e+01,0.390388,0.391861,0.782249,2.842e-14
2245.000000,0.40424053,True,1.294173e+01,0.389123,0.390601,0.779724,2.864e-14
2250.000000,0.40514084,True,1.310630e+01,0.387866,0.389349,0.777215,0.000e+00
2255.000000,0.40604115,True,1.327415e+01,0.386618,0.388105,0.774722,0.000e+00
2260.000000,0.40694147,True,1.344537e+01,0.385377,0.386869,0.772246,2.842e-14
2265.000000,0.40784178,True,1.362006e+01,0.384145,0.385642,0.769787,5.684e-14
2270.000000,0.40874209,True,1.379833e+01,0.382922,0.384423,0.767345,3.458e-13
2275.000000,0.40964240,True,1.398027e+01,0.381707,0.383213,0.764921,1.137e-13
2280.000000,0.41054272,True,1.416602e+01,0.380501,0.382012,0.762513,0.000e+00
2285.000000,0.41144303,True,1.435567e+01,0.379304,0.380820,0.760124,2.842e-14
2290.000000,0.41234334,True,1.454936e+01,0.378116,0.379636,0.757752,2.842e-14
2295.000000,0.41324366,True,1.474720e+01,0.376937,0.378462,0.755399,2.864e-14
2300.000000,0.41414397,True,1.494933e+01,0.375767,0.377297,0.753064,2.842e-14
2305.000000,0.41504428,True,1.515588e+01,0.374607,0.376141,0.750748,2.274e-13
2310.000000,0.41594460,True,1.536700e+01,0.373456,0.374995,0.748451,5.684e-14
2315.000000,0.41684491,True,1.558284e+01,0.372315,0.373859,0.746173,0.000e+00
2320.000000,0.41774522,True,1.580355e+01,0.371184,0.372732,0.743916,0.000e+00
2325.000000,0.41864553,True,1.602929e+01,0.370062,0.371616,0.741678,2.842e-14
2330.000000,0.41954585,True,1.626024e+01,0.368952,0.370510,0.739461,1.172e-13
2335.000000,0.42044616,True,1.649657e+01,0.367851,0.369414,0.737265,0.000e+00
2340.000000,0.42134647,True,1.673846e+01,0.366762,0.368329,0.735091,2.864e-14
2345.000000,0.42224679,True,1.698611e+01,0.365683,0.367255,0.732939,1.172e-13
2350.000000,0.42314710,True,1.723972e+01,0.364616,0.366193,0.730809,2.864e-14
2355.000000,0.42404741,True,1.749951e+01,0.363561,0.365141,0.728702,2.274e-13
2360.000000,0.42494773,True,1.776570e+01,0.362517,0.364102,0.726619,2.864e-14
2365.000000,0.42584804,True,1.803851e+01,0.361485,0.363075,0.724560,2.842e-14
2370.000000,0.42674835,True,1.831821e+01,0.360466,0.362060,0.722526,3.553e-15
2375.000000,0.42764866,True,1.860503e+01,0.359460,0.361058,0.720518,3.423e-13
2380.000000,0.42854898,True,1.889926e+01,0.358466,0.360070,0.718536,2.291e-13
2385.000000,0.42944929,True,1.920118e+01,0.357487,0.359095,0.716582,3.553e-15
2390.000000,0.43034960,True,1.951109e+01,0.356522,0.358134,0.714655,0.000e+00
2395.000000,0.43124992,True,1.982929e+01,0.355571,0.357187,0.712758,1.172e-13
2400.000000,0.43215023,True,2.015613e+01,0.354635,0.356256,0.710891,1.137e-13
2405.000000,0.43305054,True,2.049195e+01,0.353715,0.355340,0.709055,1.465e-14
2410.000000,0.43395085,True,2.083711e+01,0.352811,0.354440,0.707251,3.553e-15
2415.000000,0.43485117,True,2.119201e+01,0.351924,0.353557,0.705481,0.000e+00
2420.000000,0.43575148,True,2.155706e+01,0.351054,0.352691,0.703745,2.274e-13
2425.000000,0.43665179,True,2.193269e+01,0.350203,0.351844,0.702046,3.422e-13
2430.000000,0.43755211,True,2.231936e+01,0.349370,0.351015,0.700385,1.146e-13
2435.000000,0.43845242,True,2.271755e+01,0.348557,0.350206,0.698763,0.000e+00
2440.000000,0.43935273,True,2.312778e+01,0.347765,0.349417,0.697182,1.146e-13
2445.000000,0.44025305,True,2.355060e+01,0.346994,0.348650,0.695644,1.137e-13
2450.000000,0.44115336,True,2.398657e+01,0.346246,0.347905,0.694151,1.137e-13
2455.000000,0.44205367,True,2.443632e+01,0.345521,0.347184,0.692705,2.278e-13
2460.000000,0.44295398,True,2.490049e+01,0.344821,0.346488,0.691309,3.553e-15
2465.000000,0.44385430,True,2.537979e+01,0.344147,0.345817,0.689965,1.137e-13
2470.000000,0.44475461,True,2.587495e+01,0.343501,0.345174,0.688675,1.465e-14
2475.000000,0.44565492,True,2.638677e+01,0.342884,0.344560,0.687444,1.421e-14
2480.000000,0.44655524,True,2.691608e+01,0.342297,0.343976,0.686273,2.274e-13
2485.000000,0.44745555,True,2.746379e+01,0.341743,0.343424,0.685167,1.146e-13
2490.000000,0.44835586,True,2.803085e+01,0.341222,0.342906,0.684128,1.421e-14
2495.000000,0.44925618,True,2.861830e+01,0.340738,0.342424,0.683163,2.278e-13
2500.000000,0.45015649,True,2.922725e+01,0.340293,0.341981,0.682273,1.421e-14
2505.000000,0.45105680,True,2.985889e+01,0.339888,0.341578,0.681466,1.421e-14
2510.000000,0.45195711,True,3.051448e+01,0.339527,0.341219,0.680745,1.421e-14
2515.000000,0.45285743,True,3.119540e+01,0.339212,0.340906,0.680117,1.421e-14
2520.000000,0.45375774,True,3.190314e+01,0.338947,0.340642,0.679588,1.146e-13
2525.000000,0.45465805,True,3.263930e+01,0.338734,0.340431,0.679165,2.274e-13
2530.000000,0.45555837,True,3.340559e+01,0.338579,0.340276,0.678855,1.146e-13
2535.000000,0.45645868,True,3.420389e+01,0.338485,0.340182,0.678667,1.146e-13
2540.000000,0.45735899,True,3.503624e+01,0.338456,0.340154,0.678610,1.146e-13
2545.000000,0.45825931,True,3.590483e+01,0.338498,0.340195,0.678693,1.465e-14
2550.000000,0.45915962,True,3.681206e+01,0.338616,0.340313,0.678929,0.000e+00
2555.000000,0.46005993,True,3.776054e+01,0.338817,0.340512,0.679329,1.146e-13
2560.000000,0.46096024,True,3.875315e+01,0.339106,0.340801,0.679907,3.553e-15
2565.000000,0.46186056,True,3.979299e+01,0.339493,0.341185,0.680678,1.421e-14
2570.000000,0.46276087,True,4.088349e+01,0.339985,0.341675,0.681659,7.944e-15
2575.000000,0.46366118,True,4.202843e+01,0.340591,0.342278,0.682869,1.137e-13
2580.000000,0.46456150,True,4.323196e+01,0.341322,0.343005,0.684328,7.944e-15
2585.000000,0.46546181,True,4.449865e+01,0.342190,0.343869,0.686059,1.137e-13
2590.000000,0.46636212,True,4.583359e+01,0.343208,0.344882,0.688090,1.137e-13
2595.000000,0.46726243,True,4.724239e+01,0.344391,0.346059,0.690450,7.105e-15
2600.000000,0.46816275,True,4.873134e+01,0.345755,0.347417,0.693171,2.278e-13
2605.000000,0.46906306,True,5.030743e+01,0.347319,0.348973,0.696292,7.105e-15
2610.000000,0.46996337,True,5.197850e+01,0.349104,0.350751,0.699855,1.139e-13
2615.000000,0.47086369,True,5.375335e+01,0.351136,0.352773,0.703909,3.411e-13
2620.000000,0.47176400,True,5.564192e+01,0.353441,0.355067,0.708508,1.139e-13
2625.000000,0.47266431,True,5.765545e+01,0.356052,0.357666,0.713717,1.139e-13
2630.000000,0.47356463,True,5.980669e+01,0.359004,0.360605,0.719608,1.139e-13
2635.000000,0.47446494,True,6.211023e+01,0.362340,0.363926,0.726265,7.105e-15
2640.000000,0.47536525,True,6.458276e+01,0.366108,0.367678,0.733786,1.139e-13
2645.000000,0.47626556,True,6.724352e+01,0.370365,0.371917,0.742282,3.553e-15
2650.000000,0.47716588,True,7.011477e+01,0.375177,0.376710,0.751887,7.944e-15
2655.000000,0.47806619,True,7.322244e+01,0.380622,0.382133,0.762755,2.278e-13
2660.000000,0.47896650,True,7.659689e+01,0.386791,0.388278,0.775069,1.139e-13
2665.000000,0.47986682,True,8.027392e+01,0.393793,0.395253,0.789046,1.137e-13
2670.000000,0.48076713,True,8.429600e+01,0.401758,0.403189,0.804946,5.024e-15
2675.000000,0.48166744,True,8.871400e+01,0.410841,0.412240,0.823081,1.137e-13
2680.000000,0.48256776,True,9.358926e+01,0.421232,0.422598,0.843830,1.138e-13
2685.000000,0.48346807,True,9.899648e+01,0.433164,0.434491,0.867655,7.105e-15
2690.000000,0.48436838,True,1.050276e+02,0.446921,0.448208,0.895128,1.137e-13
2695.000000,0.48526869,True,1.117970e+02,0.462860,0.464103,0.926963,0.000e+00
2700.000000,0.48616901,True,1.194488e+02,0.481432,0.482627,0.964059,3.553e-15
2705.000000,0.48706932,True,1.281675e+02,0.503213,0.504356,1.007570,0.000e+00
2710.000000,0.48796963,True,1.381924e+02,0.528953,0.530041,1.058994,1.137e-13
2715.000000,0.48886995,True,1.498406e+02,0.559645,0.560673,1.120317,3.553e-15
2720.000000,0.48977026,True,1.635408e+02,0.596629,0.597593,1.194222,1.776e-15
2725.000000,0.49067057,True,1.798869e+02,0.641764,0.642661,1.284426,1.138e-13
2730.000000,0.49157089,True,1.997269e+02,0.697702,0.698527,1.396230,3.553e-15
2735.000000,0.49247120,True,2.243140e+02,0.768358,0.769108,1.537466,1.137e-13
2740.000000,0.49337151,True,2.555828e+02,0.859772,0.860442,1.720214,1.776e-15
2745.000000,0.49427182,True,2.966838e+02,0.981774,0.982360,1.964134,3.972e-15
2750.000000,0.49517214,True,3.531175e+02,1.151516,1.152016,2.303533,1.137e-13
2755.000000,0.49607245,True,4.354280e+02,1.401869,1.402280,2.804148,1.137e-13
2760.000000,0.49697276,True,5.667033e+02,1.804783,1.805102,3.609885,0.000e+00
2765.000000,0.49787308,True,8.091226e+02,2.554009,2.554235,5.108244,3.580e-15
2770.000000,0.49877339,True,1.407420e+03,4.412082,4.412213,8.824296,0.000e+00
2775.000000,0.49967370,True,5.307383e+03,16.557215,16.557250,33.114464,1.110e-16
2776.762136,0.49999100,True,1.925670e+05,600.000060,600.000060,1200.000120,1.137e-13
2776.762636,0.49999109,True,1.945122e+05,606.060665,606.060666,1212.121331,1.137e-13
2776.763136,0.49999118,True,1.964971e+05,612.244956,612.244957,1224.489914,1.735e-18
2776.763636,0.49999127,True,1.985229e+05,618.556759,618.556760,1237.113518,1.137e-13
2776.764136,0.49999136,True,2.005909e+05,625.000057,625.000058,1250.000115,1.137e-13
2776.764636,0.49999145,True,2.027025e+05,631.579004,631.579005,1263.158009,1.137e-13
2776.765136,0.49999154,True,2.048589e+05,638.297928,638.297929,1276.595857,1.735e-18
2776.765636,0.49999163,True,2.070618e+05,645.161346,645.161347,1290.322692,0.000e+00
2776.766136,0.49999172,True,2.093125e+05,652.173968,652.173969,1304.347937,3.553e-15
2776.766636,0.49999181,True,2.116127e+05,659.340714,659.340714,1318.681428,3.553e-15
2776.767136,0.49999190,True,2.139640e+05,666.666720,666.666721,1333.333441,3.553e-15
2776.767636,0.49999199,True,2.163682e+05,674.157356,674.157357,1348.314714,1.735e-18
2776.768136,0.49999208,True,2.188270e+05,681.818234,681.818235,1363.636469,3.553e-15
2776.768636,0.49999217,True,2.213423e+05,689.655224,689.655225,1379.310449,1.735e-18
2776.769136,0.49999226,True,2.239161e+05,697.674470,697.674471,1395.348940,1.735e-18
2776.769636,0.49999235,True,2.265505e+05,705.882404,705.882404,1411.764808,1.137e-13
2776.770136,0.49999244,True,2.292476e+05,714.285764,714.285765,1428.571529,1.137e-13
2776.770636,0.49999253,True,2.320097e+05,722.891616,722.891616,1445.783232,1.137e-13
2776.771136,0.49999262,True,2.348392e+05,731.707366,731.707367,1463.414733,0.000e+00
2776.771636,0.49999271,True,2.377385e+05,740.740789,740.740790,1481.481579,1.137e-13
2776.772136,0.49999280,True,2.407103e+05,750.000048,750.000048,1500.000096,0.000e+00
2776.772636,0.49999289,True,2.437574e+05,759.493718,759.493719,1518.987437,1.137e-13
2776.773136,0.49999298,True,2.468825e+05,769.230816,769.230816,1538.461632,3.553e-15
2776.773636,0.49999307,True,2.500889e+05,779.220825,779.220826,1558.441651,0.000e+00
2776.774136,0.49999316,True,2.533796e+05,789.473729,789.473730,1578.947460,1.137e-13
2776.774636,0.49999325,True,2.567581e+05,800.000045,800.000045,1600.000090,3.553e-15
2776.775136,0.49999334,True,2.602279e+05,810.810855,810.810856,1621.621710,1.137e-13
2776.775636,0.49999343,True,2.637927e+05,821.917852,821.917852,1643.835704,1.137e-13
2776.776136,0.49999352,True,2.674566e+05,833.333376,833.333377,1666.666753,1.137e-13
2776.776636,0.49999361,True,2.712237e+05,845.070465,845.070465,1690.140930,3.553e-15
2776.777136,0.49999370,True,2.750984e+05,857.142899,857.142899,1714.285798,1.137e-13
2776.777636,0.49999379,True,2.790854e+05,869.565258,869.565259,1739.130518,1.735e-18
2776.778136,0.49999388,True,2.831897e+05,882.352982,882.352982,1764.705964,0.000e+00
2776.778636,0.49999397,True,2.874165e+05,895.522428,895.522429,1791.044857,1.137e-13
2776.779136,0.49999406,True,2.917714e+05,909.090948,909.090949,1818.181897,1.137e-13
2776.779636,0.49999415,True,2.962602e+05,923.076962,923.076962,1846.153924,1.735e-18
2776.780136,0.49999424,True,3.008894e+05,937.500038,937.500039,1875.000077,1.137e-13
2776.780636,0.49999433,True,3.056655e+05,952.380990,952.380990,1904.761980,1.735e-18
2776.781136,0.49999442,True,3.105957e+05,967.741972,967.741973,1935.483945,3.553e-15
2776.781636,0.49999451,True,3.156875e+05,983.606594,983.606594,1967.213188,3.553e-15
2776.782136,0.49999460,True,3.209491e+05,1000.000036,1000.000036,2000.000072,0.000e+00
2776.782636,0.49999469,True,3.263890e+05,1016.949188,1016.949188,2033.898376,1.137e-13
2776.783136,0.49999478,True,3.320165e+05,1034.482793,1034.482794,2068.965587,1.137e-13
2776.783636,0.49999487,True,3.378415e+05,1052.631613,1052.631613,2105.263226,8.674e-19
2776.784136,0.49999496,True,3.438745e+05,1071.428605,1071.428605,2142.857210,3.553e-15
2776.784636,0.49999505,True,3.501268e+05,1090.909124,1090.909124,2181.818248,8.674e-19
2776.785136,0.49999514,True,3.566108e+05,1111.111143,1111.111144,2222.222287,3.553e-15
2776.785636,0.49999523,True,3.633394e+05,1132.075503,1132.075504,2264.151007,1.137e-13
2776.786136,0.49999532,True,3.703268e+05,1153.846185,1153.846185,2307.692370,1.137e-13
2776.786636,0.49999541,True,3.775882e+05,1176.470619,1176.470619,2352.941238,3.553e-15
2776.787136,0.49999550,True,3.851401e+05,1200.000030,1200.000030,2400.000060,1.137e-13
2776.787636,0.49999559,True,3.930003e+05,1224.489825,1224.489826,2448.979651,1.137e-13
2776.788136,0.49999568,True,4.011879e+05,1250.000029,1250.000029,2500.000058,3.553e-15
2776.788636,0.49999577,True,4.097239e+05,1276.595773,1276.595773,2553.191546,8.674e-19
2776.789136,0.49999586,True,4.186311e+05,1304.347853,1304.347854,2608.695707,1.137e-13
2776.789636,0.49999595,True,4.279341e+05,1333.333360,1333.333361,2666.666721,1.137e-13
2776.790136,0.49999604,True,4.376601e+05,1363.636390,1363.636390,2727.272780,0.000e+00
2776.790636,0.49999613,True,4.478383e+05,1395.348863,1395.348863,2790.697726,1.137e-13
2776.791136,0.49999622,True,4.585013e+05,1428.571454,1428.571454,2857.142908,8.674e-19
2776.791636,0.49999631,True,4.696844e+05,1463.414659,1463.414659,2926.829317,8.674e-19
2776.792136,0.49999640,True,4.814267e+05,1500.000024,1500.000024,3000.000048,3.553e-15
2776.792636,0.49999649,True,4.937711e+05,1538.461562,1538.461562,3076.923124,0.000e+00
2776.793136,0.49999658,True,5.067652e+05,1578.947391,1578.947391,3157.894782,3.553e-15
2776.793636,0.49999667,True,5.204618e+05,1621.621644,1621.621644,3243.243288,0.000e+00
2776.794136,0.49999676,True,5.349192e+05,1666.666688,1666.666688,3333.333377,1.137e-13
2776.794636,0.49999685,True,5.502028e+05,1714.285735,1714.285735,3428.571471,3.553e-15
2776.795136,0.49999694,True,5.663854e+05,1764.705903,1764.705903,3529.411806,8.674e-19
2776.795636,0.49999703,True,5.835488e+05,1818.181838,1818.181838,3636.363676,0.000e+00
2776.796136,0.49999712,True,6.017849e+05,1875.000019,1875.000019,3750.000038,8.674e-19
2776.796636,0.49999721,True,6.211975e+05,1935.483889,1935.483890,3870.967779,1.137e-13
2776.797136,0.49999730,True,6.419042e+05,2000.000018,2000.000018,4000.000036,8.674e-19
2776.797636,0.49999739,True,6.640391e+05,2068.965534,2068.965535,4137.931069,0.000e+00
2776.798136,0.49999748,True,6.877550e+05,2142.857160,2142.857160,4285.714319,1.137e-13
2776.798636,0.49999757,True,7.132276e+05,2222.222238,2222.222239,4444.444477,0.000e+00
2776.799136,0.49999766,True,7.406597e+05,2307.692323,2307.692323,4615.384647,4.337e-19
2776.799636,0.49999775,True,7.702863e+05,2400.000015,2400.000015,4800.000030,1.137e-13
2776.800136,0.49999784,True,8.023818e+05,2500.000014,2500.000014,5000.000029,1.137e-13
2776.800636,0.49999793,True,8.372682e+05,2608.695666,2608.695666,5217.391332,1.137e-13
2776.801136,0.49999802,True,8.753262e+05,2727.272740,2727.272741,5454.545481,1.137e-13
2776.801636,0.49999811,True,9.170087e+05,2857.142870,2857.142870,5714.285740,1.137e-13
2776.802136,0.49999820,True,9.628594e+05,3000.000012,3000.000012,6000.000024,1.137e-13
2776.802636,0.49999829,False,1.013537e+06,,,,
2776.803136,0.49999838,False,1.069844e+06,,,,
2776.803636,0.49999847,False,1.132777e+06,,,,
2776.804136,0.49999856,False,1.203576e+06,,,,
2776.804636,0.49999865,False,1.283815e+06,,,,
2776.805136,0.49999874,False,1.375516e+06,,,,
2776.805636,0.49999883,False,1.481325e+06,,,,
2776.806136,0.49999892,False,1.604770e+06,,,,
2776.806636,0.49999901,False,1.750658e+06,,,,
2776.807136,0.49999910,False,1.925725e+06,,,,
2776.807636,0.49999919,False,2.139695e+06,,,,
2776.808136,0.49999928,False,2.407158e+06,,,,
2776.808636,0.49999937,False,2.751038e+06,,,,
2776.809136,0.49999946,False,3.209545e+06,,,,
2776.809636,0.49999955,False,3.851456e+06,,,,
2776.810136,0.49999964,False,4.814321e+06,,,,
2776.810636,0.49999973,False,6.419097e+06,,,,
2776.811136,0.49999982,False,9.628648e+06,,,,
2776.811636,0.49999991,False,1.925730e+07,,,,
2776.812136,0.50000000,False,8.895249e+16,,,,
2776.812636,0.50000009,False,1.925731e+07,,,,
2776.813136,0.50000018,False,9.628660e+06,,,,
2776.813636,0.50000027,False,6.419109e+06,,,,
2776.814136,0.50000036,False,4.814333e+06,,,,
2776.814636,0.50000045,False,3.851468e+06,,,,
2776.815136,0.50000054,False,3.209558e+06,,,,
2776.815636,0.50000063,False,2.751050e+06,,,,
2776.816136,0.50000072,False,2.407170e+06,,,,
2776.816636,0.50000081,False,2.139707e+06,,,,
2776.817136,0.50000090,False,1.925737e+06,,,,
2776.817636,0.50000099,False,1.750670e+06,,,,
2776.818136,0.50000108,False,1.604782e+06,,,,
2776.818636,0.50000117,False,1.481338e+06,,,,
2776.819136,0.50000126,False,1.375528e+06,,,,
2776.819636,0.50000135,False,1.283827e+06,,,,
2776.820136,0.50000144,False,1.203588e+06,,,,
2776.820636,0.50000153,False,1.132789e+06,,,,
2776.821136,0.50000162,False,1.069857e+06,,,,
2776.821636,0.50000171,False,1.013549e+06,,,,
2776.822136,0.50000180,True,9.628715e+05,3000.000012,3000.000012,6000.000024,1.137e-13
2776.822636,0.50000189,True,9.170208e+05,2857.142870,2857.142870,5714.285740,1.137e-13
2776.823136,0.50000198,True,8.753383e+05,2727.272740,2727.272741,5454.545481,1.137e-13
2776.823636,0.50000207,True,8.372803e+05,2608.695666,2608.695666,5217.391332,4.337e-19
2776.824136,0.50000216,True,8.023939e+05,2500.000014,2500.000015,5000.000029,1.137e-13
2776.824636,0.50000225,True,7.702984e+05,2400.000015,2400.000015,4800.000030,4.337e-19
2776.825136,0.50000234,True,7.406718e+05,2307.692323,2307.692323,4615.384647,1.137e-13
2776.825636,0.50000243,True,7.132397e+05,2222.222238,2222.222239,4444.444477,1.137e-13
2776.826136,0.50000252,True,6.877671e+05,2142.857160,2142.857160,4285.714319,1.137e-13
2776.826636,0.50000261,True,6.640512e+05,2068.965534,2068.965535,4137.931069,8.674e-19
2776.827136,0.50000270,True,6.419163e+05,2000.000018,2000.000018,4000.000036,0.000e+00
2776.827636,0.50000279,True,6.212096e+05,1935.483889,1935.483890,3870.967779,0.000e+00
2776.828136,0.50000288,True,6.017970e+05,1875.000019,1875.000019,3750.000038,8.674e-19
2776.828636,0.50000297,True,5.835609e+05,1818.181838,1818.181838,3636.363676,3.553e-15
2776.829136,0.50000306,True,5.663975e+05,1764.705903,1764.705903,3529.411806,1.137e-13
2776.829636,0.50000315,True,5.502149e+05,1714.285735,1714.285735,3428.571471,1.137e-13
2776.830136,0.50000324,True,5.349313e+05,1666.666688,1666.666688,3333.333377,1.137e-13
2776.830636,0.50000333,True,5.204739e+05,1621.621644,1621.621644,3243.243288,1.137e-13
2776.831136,0.50000342,True,5.067773e+05,1578.947391,1578.947391,3157.894782,3.553e-15
2776.831636,0.50000351,True,4.937832e+05,1538.461562,1538.461562,3076.923124,2.274e-13
2776.832136,0.50000360,True,4.814388e+05,1500.000024,1500.000024,3000.000048,0.000e+00
2776.832636,0.50000369,True,4.696965e+05,1463.414659,1463.414659,2926.829317,8.674e-19
2776.833136,0.50000378,True,4.585134e+05,1428.571454,1428.571454,2857.142908,1.137e-13
2776.833636,0.50000387,True,4.478504e+05,1395.348863,1395.348863,2790.697726,8.674e-19
2776.834136,0.50000396,True,4.376722e+05,1363.636390,1363.636390,2727.272780,8.674e-19
2776.834636,0.50000405,True,4.279462e+05,1333.333360,1333.333361,2666.666721,1.137e-13
2776.835136,0.50000414,True,4.186432e+05,1304.347853,1304.347854,2608.695707,1.137e-13
2776.835636,0.50000423,True,4.097360e+05,1276.595773,1276.595773,2553.191546,1.137e-13
2776.836136,0.50000432,True,4.012000e+05,1250.000029,1250.000029,2500.000058,3.553e-15
2776.836636,0.50000441,True,3.930124e+05,1224.489825,1224.489826,2448.979651,8.674e-19
2776.837136,0.50000450,True,3.851522e+05,1200.000030,1200.000030,2400.000060,1.137e-13
2776.837636,0.50000459,True,3.776003e+05,1176.470619,1176.470619,2352.941238,0.000e+00
2776.838136,0.50000468,True,3.703389e+05,1153.846185,1153.846185,2307.692370,3.553e-15
2776.838636,0.50000477,True,3.633515e+05,1132.075503,1132.075504,2264.151007,0.000e+00
2776.839136,0.50000486,True,3.566229e+05,1111.111143,1111.111144,2222.222287,1.137e-13
2776.839636,0.50000495,True,3.501389e+05,1090.909124,1090.909124,2181.818248,1.137e-13
2776.840136,0.50000504,True,3.438866e+05,1071.428605,1071.428605,2142.857210,8.674e-19
2776.840636,0.50000513,True,3.378536e+05,1052.631613,1052.631613,2105.263226,1.137e-13
2776.841136,0.50000522,True,3.320286e+05,1034.482793,1034.482794,2068.965587,1.735e-18
2776.841636,0.50000531,True,3.264011e+05,1016.949188,1016.949188,2033.898376,1.137e-13
2776.842136,0.50000540,True,3.209612e+05,1000.000036,1000.000036,2000.000072,1.137e-13
2776.842636,0.50000549,True,3.156996e+05,983.606594,983.606594,1967.213188,1.137e-13
2776.843136,0.50000558,True,3.106078e+05,967.741972,967.741973,1935.483945,1.137e-13
2776.843636,0.50000567,True,3.056776e+05,952.380990,952.380990,1904.761980,1.137e-13
2776.844136,0.50000576,True,3.009015e+05,937.500038,937.500039,1875.000077,1.735e-18
2776.844636,0.50000585,True,2.962723e+05,923.076962,923.076962,1846.153924,0.000e+00
2776.845136,0.50000594,True,2.917835e+05,909.090948,909.090949,1818.181897,1.137e-13
2776.845636,0.50000603,True,2.874286e+05,895.522428,895.522429,1791.044857,0.000e+00
2776.846136,0.50000612,True,2.832018e+05,882.352982,882.352982,1764.705964,1.137e-13
2776.846636,0.50000621,True,2.790975e+05,869.565258,869.565259,1739.130518,1.137e-13
2776.847136,0.50000630,True,2.751105e+05,857.142899,857.142899,1714.285798,1.137e-13
2776.847636,0.50000639,True,2.712358e+05,845.070465,845.070465,1690.140930,0.000e+00
2776.848136,0.50000648,True,2.674687e+05,833.333376,833.333377,1666.666753,0.000e+00
2776.848636,0.50000657,True,2.638048e+05,821.917852,821.917852,1643.835704,1.137e-13
2776.849136,0.50000666,True,2.602400e+05,810.810855,810.810856,1621.621710,1.137e-13
2776.849636,0.50000675,True,2.567702e+05,800.000045,800.000045,1600.000090,1.137e-13
2776.850136,0.50000684,True,2.533917e+05,789.473729,789.473730,1578.947460,1.735e-18
2776.850636,0.50000693,True,2.501010e+05,779.220825,779.220826,1558.441651,0.000e+00
2776.851136,0.50000702,True,2.468946e+05,769.230816,769.230816,1538.461632,1.137e-13
2776.851636,0.50000711,True,2.437695e+05,759.493718,759.493719,1518.987437,1.137e-13
2776.852136,0.50000720,True,2.407224e+05,750.000048,750.000048,1500.000096,3.553e-15
2776.852636,0.50000729,True,2.377506e+05,740.740789,740.740790,1481.481579,3.553e-15
2776.853136,0.50000738,True,2.348513e+05,731.707366,731.707367,1463.414733,1.137e-13
2776.853636,0.50000747,True,2.320218e+05,722.891616,722.891616,1445.783232,1.137e-13
2776.854136,0.50000756,True,2.292597e+05,714.285764,714.285765,1428.571529,1.735e-18
2776.854636,0.50000765,True,2.265626e+05,705.882404,705.882404,1411.764808,3.553e-15
2776.855136,0.50000774,True,2.239282e+05,697.674470,697.674471,1395.348940,1.137e-13
2776.855636,0.50000783,True,2.213544e+05,689.655224,689.655225,1379.310449,1.735e-18
2776.856136,0.50000792,True,2.188391e+05,681.818234,681.818235,1363.636469,1.137e-13
2776.856636,0.50000801,True,2.163803e+05,674.157356,674.157357,1348.314714,1.137e-13
2776.857136,0.50000810,True,2.139761e+05,666.666720,666.666721,1333.333441,1.137e-13
2776.857636,0.50000819,True,2.116248e+05,659.340714,659.340714,1318.681428,3.553e-15
2776.858136,0.50000828,True,2.093246e+05,652.173968,652.173969,1304.347936,0.000e+00
2776.858636,0.50000837,True,2.070739e+05,645.161346,645.161347,1290.322692,1.137e-13
2776.859136,0.50000846,True,2.048710e+05,638.297928,638.297929,1276.595857,1.137e-13
2776.859636,0.50000855,True,2.027146e+05,631.579004,631.579005,1263.158009,1.735e-18
2776.860136,0.50000864,True,2.006030e+05,625.000057,625.000058,1250.000115,3.553e-15
2776.860636,0.50000873,True,1.985350e+05,618.556759,618.556760,1237.113518,3.553e-15
2776.861136,0.50000882,True,1.965092e+05,612.244956,612.244957,1224.489914,1.137e-13
2776.861636,0.50000891,True,1.945243e+05,606.060665,606.060666,1212.121331,3.553e-15
2776.862136,0.50000900,True,1.925791e+05,600.000060,600.000060,1200.000120,1.137e-13
2780.000000,0.50057402,True,3.026465e+03,9.414467,9.414528,18.828995,0.000e+00
2785.000000,0.50147433,True,1.182032e+03,3.673587,3.673744,7.347332,4.441e-16
2790.000000,0.50237464,True,7.361899e+02,2.290191,2.290442,4.580633,3.662e-15
2795.000000,0.50327495,True,5.354849e+02,1.670447,1.670792,3.341239,0.000e+00
2800.000000,0.50417527,True,4.213402e+02,1.320266,1.320703,2.640969,3.553e-15
2805.000000,0.50507558,True,3.476932e+02,1.096121,1.096646,2.192766,1.137e-13
2810.000000,0.50597589,True,2.962402e+02,0.940971,0.941583,1.882555,1.137e-13
2815.000000,0.50687621,True,2.582635e+02,0.827650,0.828346,1.655996,3.553e-15
2820.000000,0.50777652,True,2.290824e+02,0.741568,0.742344,1.483912,3.972e-15
2825.000000,0.50867683,True,2.059592e+02,0.674190,0.675044,1.349234,1.138e-13
2830.000000,0.50957714,True,1.871853e+02,0.620192,0.621120,1.241312,1.138e-13
2835.000000,0.51047746,True,1.716396e+02,0.576079,0.577078,1.153158,1.137e-13
2840.000000,0.51137777,True,1.585558e+02,0.539465,0.540532,1.079997,3.553e-15
2845.000000,0.51227808,True,1.473922e+02,0.508663,0.509794,1.018457,1.137e-13
2850.000000,0.51317840,True,1.377554e+02,0.482450,0.483642,0.966092,1.137e-13
2855.000000,0.51407871,True,1.293525e+02,0.459916,0.461167,0.921082,0.000e+00
2860.000000,0.51497902,True,1.219609e+02,0.440372,0.441678,0.882050,0.000e+00
2865.000000,0.51587934,True,1.154087e+02,0.423286,0.424645,0.847931,7.944e-15
2870.000000,0.51677965,True,1.095608e+02,0.408242,0.409651,0.817893,0.000e+00
2875.000000,0.51767996,True,1.043095e+02,0.394910,0.396366,0.791277,0.000e+00
2880.000000,0.51858027,True,9.956812e+01,0.383025,0.384526,0.767552,1.140e-13
2885.000000,0.51948059,True,9.526602e+01,0.372372,0.373916,0.746287,7.944e-15
2890.000000,0.52038090,True,9.134495e+01,0.362774,0.364358,0.727133,1.137e-13
2895.000000,0.52128121,True,8.775658e+01,0.354087,0.355710,0.709796,3.553e-15
2900.000000,0.52218153,True,8.446038e+01,0.346188,0.347848,0.694036,1.066e-14
2905.000000,0.52308184,True,8.142217e+01,0.338978,0.340673,0.679651,0.000e+00
2910.000000,0.52398215,True,7.861291e+01,0.332370,0.334098,0.666468,7.105e-15
2915.000000,0.52488247,True,7.600774e+01,0.326292,0.328052,0.654344,0.000e+00
2920.000000,0.52578278,True,7.358529e+01,0.320681,0.322472,0.643154,1.139e-13
2925.000000,0.52668309,True,7.132707e+01,0.315486,0.317306,0.632792,0.000e+00
2930.000000,0.52758340,True,6.921700e+01,0.310659,0.312508,0.623167,1.421e-14
2935.000000,0.52848372,True,6.724104e+01,0.306162,0.308038,0.614200,3.553e-15
2940.000000,0.52938403,True,6.538687e+01,0.301961,0.303862,0.605823,0.000e+00
2945.000000,0.53028434,True,6.364361e+01,0.298024,0.299951,0.597975,0.000e+00
2950.000000,0.53118466,True,6.200168e+01,0.294326,0.296277,0.590603,2.275e-13
2955.000000,0.53208497,True,6.045255e+01,0.290845,0.292818,0.583663,0.000e+00
2960.000000,0.53298528,True,5.898862e+01,0.287558,0.289555,0.577113,3.553e-15
2965.000000,0.53388560,True,5.760310e+01,0.284450,0.286468,0.570917,7.105e-15
2970.000000,0.53478591,True,5.628991e+01,0.281503,0.283542,0.565045,1.139e-13
2975.000000,0.53568622,True,5.504358e+01,0.278703,0.280762,0.559466,0.000e+00
2980.000000,0.53658653,True,5.385917e+01,0.276039,0.278118,0.554156,0.000e+00
2985.000000,0.53748685,True,5.273223e+01,0.273498,0.275596,0.549093,0.000e+00
2990.000000,0.53838716,True,5.165871e+01,0.271070,0.273187,0.544257,0.000e+00
2995.000000,0.53928747,True,5.063496e+01,0.268747,0.270881,0.539628,0.000e+00
3000.000000,0.54018779,True,4.965762e+01,0.266520,0.268672,0.535192,1.140e-13
3005.000000,0.54108810,True,4.872364e+01,0.264381,0.266551,0.530932,7.944e-15
3010.000000,0.54198841,True,4.783025e+01,0.262325,0.264512,0.526837,1.139e-13
3015.000000,0.54288873,True,4.697489e+01,0.260345,0.262548,0.522893,1.137e-13
3020.000000,0.54378904,True,4.615521e+01,0.258435,0.260655,0.519090,0.000e+00
3025.000000,0.54468935,True,4.536906e+01,0.256592,0.258827,0.515418,7.105e-15
3030.000000,0.54558966,True,4.461446e+01,0.254809,0.257059,0.511868,7.105e-15
3035.000000,0.54648998,True,4.388958e+01,0.253083,0.255349,0.508432,7.105e-15
3040.000000,0.54739029,True,4.319273e+01,0.251411,0.253691,0.505102,0.000e+00
3045.000000,0.54829060,True,4.252234e+01,0.249788,0.252083,0.501871,2.274e-13
3050.000000,0.54919092,True,4.187696e+01,0.248211,0.250521,0.498733,7.105e-15
3055.000000,0.55009123,True,4.125525e+01,0.246679,0.249003,0.495681,1.137e-13
3060.000000,0.55099154,True,4.065595e+01,0.245187,0.247525,0.492712,0.000e+00
3065.000000,0.55189185,True,4.007791e+01,0.243734,0.246086,0.489819,1.421e-14
3070.000000,0.55279217,True,3.952003e+01,0.242317,0.244682,0.486999,0.000e+00
3075.000000,0.55369248,True,3.898130e+01,0.240934,0.243313,0.484247,1.146e-13
3080.000000,0.55459279,True,3.846079e+01,0.239583,0.241975,0.481558,3.553e-15
3085.000000,0.55549311,True,3.795760e+01,0.238263,0.240668,0.478931,1.421e-14
3090.000000,0.55639342,True,3.747091e+01,0.236971,0.239390,0.476361,1.421e-14
3095.000000,0.55729373,True,3.699995e+01,0.235707,0.238138,0.473845,1.146e-13
3100.000000,0.55819405,True,3.654398e+01,0.234468,0.236912,0.471381,1.421e-14
3105.000000,0.55909436,True,3.610233e+01,0.233254,0.235711,0.468965,1.146e-13
3110.000000,0.55999467,True,3.567434e+01,0.232063,0.234532,0.466595,2.274e-13
3115.000000,0.56089498,True,3.525943e+01,0.230894,0.233376,0.464270,3.553e-15
3120.000000,0.56179530,True,3.485701e+01,0.229746,0.232240,0.461986,0.000e+00
3125.000000,0.56269561,True,3.446656e+01,0.228618,0.231124,0.459743,0.000e+00
3130.000000,0.56359592,True,3.408756e+01,0.227509,0.230027,0.457537,1.421e-14
3135.000000,0.56449624,True,3.371955e+01,0.226419,0.228948,0.455367,3.553e-15
3140.000000,0.56539655,True,3.336206e+01,0.225345,0.227887,0.453232,1.137e-13
3145.000000,0.56629686,True,3.301468e+01,0.224288,0.226842,0.451130,1.146e-13
3150.000000,0.56719718,True,3.267700e+01,0.223247,0.225813,0.449060,0.000e+00
3155.000000,0.56809749,True,3.234863e+01,0.222221,0.224798,0.447020,1.421e-14
3160.000000,0.56899780,True,3.202922e+01,0.221210,0.223799,0.445009,1.146e-13
3165.000000,0.56989811,True,3.171841e+01,0.220212,0.222813,0.443025,1.137e-13
3170.000000,0.57079843,True,3.141590e+01,0.219228,0.221840,0.441069,1.421e-14
3175.000000,0.57169874,True,3.112135e+01,0.218257,0.220880,0.439138,1.465e-14
3180.000000,0.57259905,True,3.083449e+01,0.217298,0.219933,0.437231,1.146e-13
3185.000000,0.57349937,True,3.055503e+01,0.216351,0.218997,0.435348,1.465e-14
3190.000000,0.57439968,True,3.028270e+01,0.215415,0.218073,0.433488,1.421e-14
3195.000000,0.57529999,True,3.001726e+01,0.214491,0.217160,0.431650,1.421e-14
3200.000000,0.57620031,True,2.975845e+01,0.213577,0.216257,0.429834,1.465e-14
3205.000000,0.57710062,True,2.950605e+01,0.212673,0.215364,0.428037,1.465e-14
3210.000000,0.57800093,True,2.925984e+01,0.211779,0.214482,0.426260,0.000e+00
3215.000000,0.57890124,True,2.901962e+01,0.210895,0.213608,0.424503,1.465e-14
3220.000000,0.57980156,True,2.878517e+01,0.210019,0.212744,0.422764,2.864e-14
3225.000000,0.58070187,True,2.855631e+01,0.209153,0.211889,0.421042,1.146e-13
3230.000000,0.58160218,True,2.833285e+01,0.208295,0.211042,0.419338,2.291e-13
3235.000000,0.58250250,True,2.811463e+01,0.207446,0.210204,0.417650,0.000e+00
3240.000000,0.58340281,True,2.790147e+01,0.206605,0.209374,0.415979,1.137e-13
3245.000000,0.58430312,True,2.769322e+01,0.205771,0.208552,0.414323,1.421e-14
3250.000000,0.58520343,True,2.748972e+01,0.204946,0.207737,0.412683,1.421e-14
3255.000000,0.58610375,True,2.729082e+01,0.204127,0.206930,0.411057,0.000e+00
3260.000000,0.58700406,True,2.709638e+01,0.203316,0.206129,0.409445,2.864e-14
3265.000000,0.58790437,True,2.690628e+01,0.202512,0.205336,0.407848,2.842e-14
3270.000000,0.58880469,True,2.672037e+01,0.201714,0.204550,0.406264,3.553e-15
3275.000000,0.58970500,True,2.653854e+01,0.200923,0.203770,0.404693,1.421e-14
3280.000000,0.59060531,True,2.636066e+01,0.200139,0.202996,0.403135,3.553e-15
3285.000000,0.59150563,True,2.618663e+01,0.199361,0.202229,0.401590,3.553e-15
3290.000000,0.59240594,True,2.601633e+01,0.198588,0.201468,0.400056,1.421e-14
3295.000000,0.59330625,True,2.584965e+01,0.197822,0.200713,0.398535,2.864e-14
3300.000000,0.59420656,True,2.568650e+01,0.197062,0.199963,0.397025,1.465e-14
3305.000000,0.59510688,True,2.552678e+01,0.196307,0.199220,0.395527,3.553e-15
3310.000000,0.59600719,True,2.537038e+01,0.195558,0.198481,0.394039,3.553e-15
3315.000000,0.59690750,True,2.521723e+01,0.194814,0.197748,0.392562,1.421e-14
3320.000000,0.59780782,True,2.506724e+01,0.194075,0.197021,0.391096,1.421e-14
3325.000000,0.59870813,True,2.492031e+01,0.193342,0.196298,0.389640,1.421e-14
3330.000000,0.59960844,True,2.477638e+01,0.192613,0.195581,0.388194,0.000e+00
3335.000000,0.60050876,True,2.463535e+01,0.191890,0.194869,0.386758,2.278e-13
3340.000000,0.60140907,True,2.449716e+01,0.191171,0.194161,0.385332,1.421e-14
3345.000000,0.60230938,True,2.436174e+01,0.190457,0.193458,0.383915,1.421e-14
3350.000000,0.60320969,True,2.422900e+01,0.189748,0.192760,0.382507,2.842e-14
3355.000000,0.60411001,True,2.409890e+01,0.189043,0.192066,0.381109,0.000e+00
3360.000000,0.60501032,True,2.397135e+01,0.188343,0.191376,0.379719,2.864e-14
3365.000000,0.60591063,True,2.384631e+01,0.187647,0.190691,0.378338,1.421e-14
3370.000000,0.60681095,True,2.372370e+01,0.186955,0.190011,0.376965,0.000e+00
3375.000000,0.60771126,True,2.360346e+01,0.186267,0.189334,0.375601,3.553e-15
3380.000000,0.60861157,True,2.348555e+01,0.185584,0.188662,0.374245,2.842e-14
3385.000000,0.60951189,True,2.336991e+01,0.184904,0.187993,0.372898,1.421e-14
3390.000000,0.61041220,True,2.325648e+01,0.184229,0.187329,0.371558,1.172e-13
3395.000000,0.61131251,True,2.314521e+01,0.183557,0.186669,0.370226,1.172e-13
3400.000000,0.61221282,True,2.303605e+01,0.182889,0.186012,0.368901,2.842e-14
3405.000000,0.61311314,True,2.292896e+01,0.182225,0.185359,0.367585,3.553e-15
3410.000000,0.61401345,True,2.282388e+01,0.181565,0.184710,0.366275,1.421e-14
3415.000000,0.61491376,True,2.272078e+01,0.180908,0.184065,0.364973,2.842e-14
3420.000000,0.61581408,True,2.261960e+01,0.180255,0.183423,0.363678,1.421e-14
3425.000000,0.61671439,True,2.252031e+01,0.179606,0.182785,0.362390,1.421e-14
3430.000000,0.61761470,True,2.242287e+01,0.178960,0.182150,0.361109,1.421e-14
3435.000000,0.61851502,True,2.232723e+01,0.178317,0.181518,0.359835,1.421e-14
3440.000000,0.61941533,True,2.223336e+01,0.177678,0.180890,0.358568,2.842e-14
3445.000000,0.62031564,True,2.214122e+01,0.177042,0.180266,0.357308,3.553e-15
3450.000000,0.62121595,True,2.205078e+01,0.176409,0.179645,0.356054,0.000e+00
3455.000000,0.62211627,True,2.196199e+01,0.175780,0.179026,0.354806,1.465e-14
3460.000000,0.62301658,True,2.187483e+01,0.175153,0.178412,0.353565,1.421e-14
3465.000000,0.62391689,True,2.178925e+01,0.174530,0.177800,0.352330,1.421e-14
3470.000000,0.62481721,True,2.170524e+01,0.173910,0.177191,0.351101,1.421e-14
3475.000000,0.62571752,True,2.162276e+01,0.173293,0.176586,0.349879,1.421e-14
3480.000000,0.62661783,True,2.154177e+01,0.172679,0.175983,0.348663,0.000e+00
3485.000000,0.62751814,True,2.146226e+01,0.172068,0.175384,0.347452,3.553e-15
3490.000000,0.62841846,True,2.138418e+01,0.171460,0.174787,0.346248,1.421e-14
3495.000000,0.62931877,True,2.130752e+01,0.170855,0.174194,0.345049,2.842e-14
3500.000000,0.63021908,True,2.123225e+01,0.170253,0.173603,0.343856,0.000e+00
3505.000000,0.63111940,True,2.115833e+01,0.169653,0.173015,0.342669,1.421e-14
3510.000000,0.63201971,True,2.108575e+01,0.169057,0.172430,0.341487,2.842e-14
3515.000000,0.63292002,True,2.101448e+01,0.168463,0.171848,0.340311,5.684e-14
3520.000000,0.63382034,True,2.094449e+01,0.167872,0.171269,0.339141,1.421e-14
3525.000000,0.63472065,True,2.087577e+01,0.167284,0.170692,0.337976,0.000e+00
3530.000000,0.63562096,True,2.080829e+01,0.166698,0.170118,0.336816,5.684e-14
3535.000000,0.63652127,True,2.074202e+01,0.166115,0.169547,0.335662,1.421e-14
3540.000000,0.63742159,True,2.067696e+01,0.165534,0.168978,0.334513,1.421e-14
3545.000000,0.63832190,True,2.061306e+01,0.164957,0.168412,0.333369,2.842e-14
3550.000000,0.63922221,True,2.055033e+01,0.164381,0.167849,0.332230,1.421e-14
3555.000000,0.64012253,True,2.048873e+01,0.163809,0.167288,0.331097,2.842e-14
3560.000000,0.64102284,True,2.042824e+01,0.163239,0.166730,0.329968,2.842e-14
3565.000000,0.64192315,True,2.036886e+01,0.162671,0.166174,0.328845,1.421e-14
3570.000000,0.64282347,True,2.031055e+01,0.162106,0.165621,0.327726,1.421e-14
3575.000000,0.64372378,True,2.025331e+01,0.161543,0.165070,0.326613,1.421e-14
3580.000000,0.64462409,True,2.019711e+01,0.160983,0.164522,0.325504,2.842e-14
3585.000000,0.64552440,True,2.014194e+01,0.160425,0.163976,0.324400,0.000e+00
3590.000000,0.64642472,True,2.008778e+01,0.159869,0.163432,0.323301,1.465e-14
3595.000000,0.64732503,True,2.003461e+01,0.159316,0.162891,0.322207,1.421e-14
3600.000000,0.64822534,True,1.998243e+01,0.158765,0.162352,0.321117,1.421e-14
3605.000000,0.64912566,True,1.993121e+01,0.158216,0.161816,0.320033,2.864e-14
3610.000000,0.65002597,True,1.988095e+01,0.157670,0.161282,0.318952,4.263e-14
3615.000000,0.65092628,True,1.983161e+01,0.157126,0.160750,0.317877,1.421e-14
3620.000000,0.65182660,True,1.978321e+01,0.156585,0.160221,0.316805,4.263e-14
3625.000000,0.65272691,True,1.973571e+01,0.156045,0.159694,0.315739,1.421e-14
3630.000000,0.65362722,True,1.968910e+01,0.155508,0.159169,0.314677,0.000e+00
3635.000000,0.65452753,True,1.964338e+01,0.154973,0.158646,0.313619,0.000e+00
3640.000000,0.65542785,True,1.959853e+01,0.154440,0.158126,0.312566,2.842e-14
3645.000000,0.65632816,True,1.955453e+01,0.153909,0.157607,0.311517,0.000e+00
3650.000000,0.65722847,True,1.951138e+01,0.153381,0.157091,0.310472,0.000e+00
3655.000000,0.65812879,True,1.946907e+01,0.152854,0.156577,0.309432,0.000e+00
3660.000000,0.65902910,True,1.942757e+01,0.152330,0.156066,0.308396,0.000e+00
3665.000000,0.65992941,True,1.938689e+01,0.151808,0.155556,0.307364,1.421e-14
3670.000000,0.66082973,True,1.934701e+01,0.151288,0.155049,0.306337,1.432e-14
3675.000000,0.66173004,True,1.930793e+01,0.150770,0.154543,0.305313,1.421e-14
3680.000000,0.66263035,True,1.926962e+01,0.150254,0.154040,0.304294,0.000e+00
3685.000000,0.66353066,True,1.923208e+01,0.149740,0.153539,0.303279,1.432e-14
3690.000000,0.66443098,True,1.919530e+01,0.149228,0.153040,0.302268,8.528e-14
3695.000000,0.66533129,True,1.915927e+01,0.148719,0.152543,0.301261,2.842e-14
3700.000000,0.66623160,True,1.912398e+01,0.148211,0.152048,0.300258,1.421e-14
3705.000000,0.66713192,True,1.908943e+01,0.147705,0.151555,0.299260,4.263e-14
3710.000000,0.66803223,True,1.905560e+01,0.147201,0.151064,0.298265,0.000e+00
3715.000000,0.66893254,True,1.902249e+01,0.146699,0.150575,0.297274,4.263e-14
3720.000000,0.66983285,True,1.899008e+01,0.146200,0.150088,0.296287,4.263e-14
3725.000000,0.67073317,True,1.895837e+01,0.145702,0.149603,0.295304,1.776e-15
3730.000000,0.67163348,True,1.892735e+01,0.145206,0.149120,0.294325,1.421e-14
3735.000000,0.67253379,True,1.889702e+01,0.144712,0.148639,0.293350,1.432e-14
3740.000000,0.67343411,True,1.886736e+01,0.144219,0.148159,0.292379,0.000e+00
3745.000000,0.67433442,True,1.883837e+01,0.143729,0.147682,0.291411,1.421e-14
3750.000000,0.67523473,True,1.881004e+01,0.143241,0.147207,0.290448,2.848e-14
3755.000000,0.67613505,True,1.878236e+01,0.142754,0.146734,0.289488,5.684e-14
3760.000000,0.67703536,True,1.875533e+01,0.142270,0.146262,0.288532,1.421e-14
3765.000000,0.67793567,True,1.872894e+01,0.141787,0.145793,0.287580,0.000e+00
3770.000000,0.67883598,True,1.870319e+01,0.141306,0.145325,0.286631,4.267e-14
3775.000000,0.67973630,True,1.867806e+01,0.140827,0.144859,0.285686,2.842e-14
3780.000000,0.68063661,True,1.865355e+01,0.140350,0.144395,0.284745,2.842e-14
3785.000000,0.68153692,True,1.862966e+01,0.139874,0.143933,0.283807,1.432e-14
3790.000000,0.68243724,True,1.860638e+01,0.139401,0.143473,0.282874,2.848e-14
3795.000000,0.68333755,True,1.858371e+01,0.138929,0.143015,0.281943,2.842e-14
3800.000000,0.68423786,True,1.856163e+01,0.138459,0.142558,0.281017,2.842e-14
3805.000000,0.68513818,True,1.854014e+01,0.137990,0.142103,0.280094,2.842e-14
3810.000000,0.68603849,True,1.851925e+01,0.137524,0.141650,0.279174,4.263e-14
3815.000000,0.68693880,True,1.849893e+01,0.137059,0.141199,0.278259,7.105e-14
3820.000000,0.68783911,True,1.847920e+01,0.136596,0.140750,0.277346,2.842e-14
3825.000000,0.68873943,True,1.846004e+01,0.136135,0.140302,0.276438,7.105e-14
3830.000000,0.68963974,True,1.844144e+01,0.135676,0.139857,0.275533,2.842e-14
3835.000000,0.69054005,True,1.842341e+01,0.135218,0.139413,0.274631,1.776e-15
3840.000000,0.69144037,True,1.840594e+01,0.134762,0.138971,0.273733,4.267e-14
3845.000000,0.69234068,True,1.838903e+01,0.134308,0.138530,0.272838,2.842e-14
3850.000000,0.69324099,True,1.837266e+01,0.133855,0.138091,0.271947,1.432e-14
3855.000000,0.69414131,True,1.835685e+01,0.133404,0.137654,0.271059,8.527e-14
3860.000000,0.69504162,True,1.834157e+01,0.132955,0.137219,0.270175,2.848e-14
3865.000000,0.69594193,True,1.832684e+01,0.132508,0.136786,0.269294,1.421e-14
3870.000000,0.69684224,True,1.831264e+01,0.132062,0.136354,0.268416,2.842e-14
3875.000000,0.69774256,True,1.829897e+01,0.131618,0.135924,0.267542,2.848e-14
3880.000000,0.69864287,True,1.828583e+01,0.131176,0.135496,0.266671,1.776e-15
3885.000000,0.69954318,True,1.827322e+01,0.130735,0.135069,0.265804,1.421e-14
3890.000000,0.70044350,True,1.826113e+01,0.130296,0.134644,0.264940,0.000e+00
3895.000000,0.70134381,True,1.824955e+01,0.129858,0.134221,0.264079,2.842e-14
3900.000000,0.70224412,True,1.823849e+01,0.129423,0.133799,0.263222,0.000e+00
3905.000000,0.70314443,True,1.822795e+01,0.128989,0.133379,0.262368,2.842e-14
3910.000000,0.70404475,True,1.821791e+01,0.128556,0.132961,0.261517,2.842e-14
3915.000000,0.70494506,True,1.820838e+01,0.128125,0.132545,0.260670,2.842e-14
3920.000000,0.70584537,True,1.819936e+01,0.127696,0.132130,0.259826,1.421e-14
3925.000000,0.70674569,True,1.819084e+01,0.127268,0.131716,0.258985,2.842e-14
3930.000000,0.70764600,True,1.818282e+01,0.126842,0.131305,0.258147,8.527e-14
3935.000000,0.70854631,True,1.817529e+01,0.126418,0.130895,0.257313,2.842e-14
3940.000000,0.70944663,True,1.816826e+01,0.125995,0.130487,0.256482,4.263e-14
3945.000000,0.71034694,True,1.816172e+01,0.125574,0.130080,0.255654,2.842e-14
3950.000000,0.71124725,True,1.815567e+01,0.125154,0.129675,0.254830,1.421e-14
3955.000000,0.71214756,True,1.815011e+01,0.124736,0.129272,0.254008,2.842e-14
3960.000000,0.71304788,True,1.814504e+01,0.124320,0.128870,0.253190,5.684e-14
3965.000000,0.71394819,True,1.814045e+01,0.123905,0.128470,0.252375,5.684e-14
3970.000000,0.71484850,True,1.813634e+01,0.123492,0.128071,0.251564,2.844e-14
3975.000000,0.71574882,True,1.813272e+01,0.123080,0.127675,0.250755,4.263e-14
3980.000000,0.71664913,True,1.812957e+01,0.122670,0.127279,0.249950,1.421e-14
3985.000000,0.71754944,True,1.812691e+01,0.122262,0.126886,0.249148,8.882e-16
3990.000000,0.71844976,True,1.812472e+01,0.121855,0.126494,0.248349,9.948e-14
3995.000000,0.71935007,True,1.812300e+01,0.121450,0.126103,0.247553,8.527e-14
4000.000000,0.72025038,True,1.812176e+01,0.121046,0.125714,0.246760,4.263e-14
4005.000000,0.72115069,True,1.812100e+01,0.120644,0.125327,0.245971,1.421e-14
4010.000000,0.72205101,True,1.812070e+01,0.120243,0.124941,0.245184,1.424e-14
4015.000000,0.72295132,True,1.812088e+01,0.119844,0.124557,0.244401,1.421e-14
4020.000000,0.72385163,True,1.812152e+01,0.119446,0.124175,0.243621,4.263e-14
4025.000000,0.72475195,True,1.812264e+01,0.119050,0.123794,0.242844,0.000e+00
4030.000000,0.72565226,True,1.812422e+01,0.118656,0.123414,0.242070,5.685e-14
4035.000000,0.72655257,True,1.812627e+01,0.118263,0.123037,0.241299,1.421e-14
4040.000000,0.72745289,True,1.812879e+01,0.117871,0.122660,0.240532,1.421e-14
4045.000000,0.72835320,True,1.813178e+01,0.117481,0.122286,0.239767,9.948e-14
4050.000000,0.72925351,True,1.813523e+01,0.117093,0.121913,0.239006,2.842e-14
4055.000000,0.73015382,True,1.813914e+01,0.116706,0.121541,0.238247,1.137e-13
4060.000000,0.73105414,True,1.814353e+01,0.116321,0.121171,0.237492,4.263e-14
4065.000000,0.73195445,True,1.814837e+01,0.115937,0.120803,0.236740,7.106e-14
4070.000000,0.73285476,True,1.815369e+01,0.115555,0.120436,0.235991,2.842e-14
4075.000000,0.73375508,True,1.815946e+01,0.115174,0.120071,0.235245,2.842e-14
4080.000000,0.73465539,True,1.816571e+01,0.114795,0.119707,0.234502,2.842e-14
4085.000000,0.73555570,True,1.817242e+01,0.114417,0.119345,0.233762,4.441e-16
4090.000000,0.73645602,True,1.817959e+01,0.114041,0.118985,0.233025,0.000e+00
4095.000000,0.73735633,True,1.818723e+01,0.113666,0.118626,0.232292,2.842e-14
4100.000000,0.73825664,True,1.819533e+01,0.113293,0.118268,0.231561,0.000e+00
4105.000000,0.73915695,True,1.820390e+01,0.112922,0.117912,0.230834,5.684e-14
4110.000000,0.74005727,True,1.821294e+01,0.112551,0.117558,0.230109,4.263e-14
4115.000000,0.74095758,True,1.822244e+01,0.112183,0.117205,0.229388,4.263e-14
4120.000000,0.74185789,True,1.823241e+01,0.111816,0.116854,0.228669,1.421e-14
4125.000000,0.74275821,True,1.824285e+01,0.111450,0.116504,0.227954,2.842e-14
4130.000000,0.74365852,True,1.825376e+01,0.111086,0.116156,0.227242,2.842e-14
4135.000000,0.74455883,True,1.826513e+01,0.110724,0.115809,0.226533,2.842e-14
4140.000000,0.74545914,True,1.827698e+01,0.110363,0.115464,0.225827,2.842e-14
4145.000000,0.74635946,True,1.828930e+01,0.110003,0.115120,0.225124,5.684e-14
4150.000000,0.74725977,True,1.830209e+01,0.109645,0.114778,0.224424,1.421e-14
4155.000000,0.74816008,True,1.831536e+01,0.109289,0.114438,0.223727,4.263e-14
4160.000000,0.74906040,True,1.832910e+01,0.108934,0.114099,0.223033,1.421e-14
4165.000000,0.74996071,True,1.834332e+01,0.108580,0.113762,0.222342,1.421e-14
4170.000000,0.75086102,True,1.835801e+01,0.108229,0.113426,0.221654,7.105e-14
4175.000000,0.75176134,True,1.837319e+01,0.107878,0.113091,0.220970,8.527e-14
4180.000000,0.75266165,True,1.838884e+01,0.107529,0.112759,0.220288,4.263e-14
4185.000000,0.75356196,True,1.840498e+01,0.107182,0.112428,0.219609,4.263e-14
4190.000000,0.75446227,True,1.842159e+01,0.106836,0.112098,0.218934,5.684e-14
4195.000000,0.75536259,True,1.843870e+01,0.106492,0.111770,0.218262,0.000e+00
4200.000000,0.75626290,True,1.845629e+01,0.106149,0.111443,0.217592,1.421e-14
4205.000000,0.75716321,True,1.847437e+01,0.105808,0.111118,0.216926,4.263e-14
4210.000000,0.75806353,True,1.849294e+01,0.105468,0.110795,0.216263,0.000e+00
4215.000000,0.75896384,True,1.851200e+01,0.105130,0.110473,0.215603,4.263e-14
4220.000000,0.75986415,True,1.853156e+01,0.104793,0.110153,0.214946,2.842e-14
4225.000000,0.76076447,True,1.855162e+01,0.104458,0.109834,0.214292,7.105e-14
4230.000000,0.76166478,True,1.857217e+01,0.104125,0.109517,0.213641,4.263e-14
4235.000000,0.76256509,True,1.859323e+01,0.103793,0.109201,0.212994,5.684e-14
4240.000000,0.76346540,True,1.861479e+01,0.103462,0.108887,0.212349,2.842e-14
4245.000000,0.76436572,True,1.863686e+01,0.103133,0.108575,0.211708,9.948e-14
4250.000000,0.76526603,True,1.865944e+01,0.102806,0.108264,0.211069,2.843e-14
4255.000000,0.76616634,True,1.868253e+01,0.102480,0.107954,0.210434,1.563e-13
4260.000000,0.76706666,True,1.870613e+01,0.102156,0.107647,0.209802,7.105e-14
4265.000000,0.76796697,True,1.873025e+01,0.101833,0.107340,0.209173,2.842e-14
4270.000000,0.76886728,True,1.875489e+01,0.101512,0.107036,0.208548,4.263e-14
4275.000000,0.76976760,True,1.878006e+01,0.101192,0.106733,0.207925,4.263e-14
4280.000000,0.77066791,True,1.880575e+01,0.100874,0.106431,0.207306,4.263e-14
4285.000000,0.77156822,True,1.883198e+01,0.100558,0.106131,0.206689,2.842e-14
4290.000000,0.77246853,True,1.885873e+01,0.100243,0.105833,0.206076,2.844e-14
4295.000000,0.77336885,True,1.888603e+01,0.099930,0.105537,0.205466,4.263e-14
4300.000000,0.77426916,True,1.891386e+01,0.099618,0.105241,0.204860,4.264e-14
4305.000000,0.77516947,True,1.894224e+01,0.099308,0.104948,0.204256,4.263e-14
4310.000000,0.77606979,True,1.897116e+01,0.099000,0.104656,0.203656,8.527e-14
4315.000000,0.77697010,True,1.900064e+01,0.098693,0.104366,0.203059,7.105e-14
4320.000000,0.77787041,True,1.903067e+01,0.098388,0.104077,0.202465,5.684e-14
4325.000000,0.77877072,True,1.906126e+01,0.098084,0.103791,0.201875,2.842e-14
4330.000000,0.77967104,True,1.909242e+01,0.097782,0.103505,0.201287,4.264e-14
4335.000000,0.78057135,True,1.912414e+01,0.097482,0.103222,0.200703,2.842e-14
4340.000000,0.78147166,True,1.915643e+01,0.097183,0.102939,0.200123,2.842e-14
4345.000000,0.78237198,True,1.918930e+01,0.096886,0.102659,0.199545,8.527e-14
4350.000000,0.78327229,True,1.922276e+01,0.096591,0.102380,0.198971,1.421e-13
4355.000000,0.78417260,True,1.925679e+01,0.096297,0.102103,0.198400,1.421e-14
4360.000000,0.78507292,True,1.929142e+01,0.096005,0.101828,0.197833,1.421e-13
4365.000000,0.78597323,True,1.932665e+01,0.095714,0.101554,0.197269,1.137e-13
4370.000000,0.78687354,True,1.936247e+01,0.095426,0.101282,0.196708,1.421e-13
4375.000000,0.78777385,True,1.939890e+01,0.095139,0.101012,0.196151,9.948e-14
4380.000000,0.78867417,True,1.943594e+01,0.094853,0.100743,0.195597,1.421e-14
4385.000000,0.78957448,True,1.947359e+01,0.094570,0.100476,0.195046,8.882e-16
4390.000000,0.79047479,True,1.951187e+01,0.094288,0.100211,0.194499,1.563e-13
4395.000000,0.79137511,True,1.955077e+01,0.094008,0.099947,0.193955,2.844e-14
4400.000000,0.79227542,True,1.959031e+01,0.093730,0.099686,0.193415,1.421e-14
4405.000000,0.79317573,True,1.963049e+01,0.093453,0.099426,0.192878,7.105e-14
4410.000000,0.79407605,True,1.967131e+01,0.093178,0.099167,0.192345,5.684e-14
4415.000000,0.79497636,True,1.971278e+01,0.092905,0.098911,0.191816,1.421e-14
4420.000000,0.79587667,True,1.975491e+01,0.092634,0.098656,0.191289,1.421e-14
4425.000000,0.79677698,True,1.979770e+01,0.092364,0.098403,0.190767,2.848e-14
4430.000000,0.79767730,True,1.984116e+01,0.092096,0.098152,0.190248,2.842e-14
4435.000000,0.79857761,True,1.988530e+01,0.091830,0.097902,0.189732,2.132e-14
4440.000000,0.79947792,True,1.993012e+01,0.091566,0.097654,0.189221,1.421e-14
4445.000000,0.80037824,True,1.997564e+01,0.091304,0.097409,0.188713,1.350e-13
4450.000000,0.80127855,True,2.002185e+01,0.091044,0.097164,0.188208,7.818e-14
4455.000000,0.80217886,True,2.006877e+01,0.090785,0.096922,0.187707,4.974e-14
4460.000000,0.80307918,True,2.011640e+01,0.090528,0.096682,0.187210,0.000e+00
4465.000000,0.80397949,True,2.016475e+01,0.090274,0.096443,0.186717,1.421e-14
4470.000000,0.80487980,True,2.021383e+01,0.090021,0.096207,0.186228,9.948e-14
4475.000000,0.80578011,True,2.026364e+01,0.089770,0.095972,0.185742,4.974e-14
4480.000000,0.80668043,True,2.031420e+01,0.089521,0.095739,0.185260,1.421e-14
4485.000000,0.80758074,True,2.036552e+01,0.089274,0.095508,0.184782,2.132e-14
4490.000000,0.80848105,True,2.041759e+01,0.089029,0.095279,0.184308,1.421e-14
4495.000000,0.80938137,True,2.047044e+01,0.088786,0.095052,0.183838,2.842e-14
4500.000000,0.81028168,True,2.052406e+01,0.088545,0.094827,0.183371,4.977e-14
4505.000000,0.81118199,True,2.057847e+01,0.088305,0.094604,0.182909,2.842e-14
4510.000000,0.81208231,True,2.063369e+01,0.088068,0.094382,0.182451,7.105e-14
4515.000000,0.81298262,True,2.068970e+01,0.087833,0.094163,0.181996,1.421e-14
4520.000000,0.81388293,True,2.074654e+01,0.087600,0.093946,0.181546,9.948e-14
4525.000000,0.81478324,True,2.080420e+01,0.087370,0.093731,0.181100,4.263e-14
4530.000000,0.81568356,True,2.086270e+01,0.087141,0.093517,0.180658,9.237e-14
4535.000000,0.81658387,True,2.092205e+01,0.086914,0.093306,0.180220,1.350e-13
4540.000000,0.81748418,True,2.098225e+01,0.086690,0.093097,0.179787,2.842e-14
4545.000000,0.81838450,True,2.104333e+01,0.086467,0.092890,0.179357,1.066e-13
4550.000000,0.81928481,True,2.110528e+01,0.086247,0.092685,0.178932,4.974e-14
4555.000000,0.82018512,True,2.116813e+01,0.086029,0.092482,0.178512,2.132e-14
4560.000000,0.82108543,True,2.123188e+01,0.085813,0.092282,0.178095,8.527e-14
4565.000000,0.82198575,True,2.129654e+01,0.085600,0.092083,0.177683,4.974e-14
4570.000000,0.82288606,True,2.136214e+01,0.085389,0.091887,0.177276,5.684e-14
4575.000000,0.82378637,True,2.142867e+01,0.085180,0.091693,0.176873,7.324e-15
4580.000000,0.82468669,True,2.149615e+01,0.084973,0.091501,0.176474,2.842e-14
4585.000000,0.82558700,True,2.156461e+01,0.084769,0.091311,0.176081,7.105e-15
4590.000000,0.82648731,True,2.163403e+01,0.084567,0.091124,0.175691,1.350e-13
4595.000000,0.82738763,True,2.170446e+01,0.084368,0.090939,0.175307,1.563e-13
4600.000000,0.82828794,True,2.177588e+01,0.084171,0.090756,0.174927,7.324e-15
4605.000000,0.82918825,True,2.184833e+01,0.083976,0.090576,0.174552,8.527e-14
4610.000000,0.83008856,True,2.192182e+01,0.083784,0.090398,0.174182,6.395e-14
4615.000000,0.83098888,True,2.199635e+01,0.083594,0.090222,0.173816,7.105e-15
4620.000000,0.83188919,True,2.207195e+01,0.083407,0.090049,0.173456,2.132e-14
4625.000000,0.83278950,True,2.214863e+01,0.083223,0.089878,0.173101,1.776e-15
4630.000000,0.83368982,True,2.222640e+01,0.083041,0.089709,0.172750,2.139e-14
4635.000000,0.83459013,True,2.230529e+01,0.082862,0.089543,0.172405,2.842e-14
4640.000000,0.83549044,True,2.238531e+01,0.082685,0.089380,0.172065,9.948e-14
4645.000000,0.83639076,True,2.246648e+01,0.082511,0.089219,0.171730,9.948e-14
4650.000000,0.83729107,True,2.254880e+01,0.082340,0.089061,0.171401,1.776e-15
4655.000000,0.83819138,True,2.263231e+01,0.082171,0.088905,0.171076,9.948e-14
4660.000000,0.83909169,True,2.271702e+01,0.082006,0.088752,0.170758,6.397e-14
4665.000000,0.83999201,True,2.280295e+01,0.081843,0.088602,0.170444,5.684e-14
4670.000000,0.84089232,True,2.289012e+01,0.081683,0.088454,0.170137,1.421e-13
4675.000000,0.84179263,True,2.297855e+01,0.081526,0.088309,0.169835,9.237e-14
4680.000000,0.84269295,True,2.306825e+01,0.081372,0.088167,0.169538,1.066e-13
4685.000000,0.84359326,True,2.315925e+01,0.081221,0.088027,0.169248,9.237e-14
4690.000000,0.84449357,True,2.325157e+01,0.081072,0.087890,0.168963,2.842e-14
4695.000000,0.84539389,True,2.334523e+01,0.080927,0.087757,0.168684,2.061e-13
4700.000000,0.84629420,True,2.344025e+01,0.080786,0.087626,0.168411,1.066e-13
4705.000000,0.84719451,True,2.353666e+01,0.080647,0.087498,0.168145,1.066e-13
4710.000000,0.84809482,True,2.363448e+01,0.080511,0.087373,0.167884,7.824e-14
4715.000000,0.84899514,True,2.373373e+01,0.080379,0.087251,0.167630,7.105e-14
4720.000000,0.84989545,True,2.383444e+01,0.080250,0.087132,0.167382,1.918e-13
4725.000000,0.85079576,True,2.393663e+01,0.080124,0.087017,0.167141,1.634e-13
4730.000000,0.85169608,True,2.404032e+01,0.080002,0.086904,0.166906,1.066e-13
4735.000000,0.85259639,True,2.414555e+01,0.079883,0.086795,0.166678,0.000e+00
4740.000000,0.85349670,True,2.425234e+01,0.079768,0.086688,0.166456,1.137e-13
4745.000000,0.85439702,True,2.436072e+01,0.079656,0.086586,0.166242,1.137e-13
4750.000000,0.85529733,True,2.447072e+01,0.079548,0.086486,0.166034,0.000e+00
4755.000000,0.85619764,True,2.458236e+01,0.079443,0.086390,0.165833,1.137e-13
4760.000000,0.85709795,True,2.469567e+01,0.079342,0.086297,0.165640,0.000e+00
4765.000000,0.85799827,True,2.481069e+01,0.079245,0.086208,0.165454,0.000e+00
4770.000000,0.85889858,True,2.492745e+01,0.079152,0.086122,0.165275,3.553e-15
4775.000000,0.85979889,True,2.504598e+01,0.079063,0.086040,0.165103,0.000e+00
4780.000000,0.86069921,True,2.516631e+01,0.078978,0.085962,0.164940,1.137e-13
4785.000000,0.86159952,True,2.528847e+01,0.078896,0.085887,0.164784,1.137e-13
4790.000000,0.86249983,True,2.541251e+01,0.078819,0.085816,0.164636,0.000e+00
4795.000000,0.86340014,True,2.553845e+01,0.078746,0.085749,0.164496,0.000e+00
4800.000000,0.86430046,True,2.566634e+01,0.078678,0.085686,0.164364,2.274e-13
4805.000000,0.86520077,True,2.579620e+01,0.078613,0.085627,0.164240,7.105e-15
4810.000000,0.86610108,True,2.592809e+01,0.078553,0.085572,0.164125,3.553e-15
4815.000000,0.86700140,True,2.606203e+01,0.078497,0.085521,0.164018,1.137e-13
4820.000000,0.86790171,True,2.619808e+01,0.078446,0.085474,0.163921,0.000e+00
4825.000000,0.86880202,True,2.633627e+01,0.078400,0.085432,0.163832,5.024e-15
4830.000000,0.86970234,True,2.647664e+01,0.078358,0.085393,0.163752,3.553e-15
4835.000000,0.87060265,True,2.661924e+01,0.078321,0.085359,0.163681,0.000e+00
4840.000000,0.87150296,True,2.676412e+01,0.078289,0.085330,0.163620,0.000e+00
4845.000000,0.87240327,True,2.691132e+01,0.078262,0.085305,0.163568,1.137e-13
4850.000000,0.87330359,True,2.706089e+01,0.078240,0.085285,0.163526,3.553e-15
4855.000000,0.87420390,True,2.721289e+01,0.078224,0.085270,0.163493,1.137e-13
4860.000000,0.87510421,True,2.736735e+01,0.078212,0.085259,0.163471,0.000e+00
4865.000000,0.87600453,True,2.752434e+01,0.078206,0.085254,0.163459,3.553e-15
4870.000000,0.87690484,True,2.768391e+01,0.078205,0.085253,0.163458,1.137e-13
4875.000000,0.87780515,True,2.784611e+01,0.078210,0.085257,0.163467,0.000e+00
4880.000000,0.87870547,True,2.801101e+01,0.078221,0.085267,0.163488,1.137e-13
4885.000000,0.87960578,True,2.817865e+01,0.078237,0.085282,0.163519,0.000e+00
4890.000000,0.88050609,True,2.834911e+01,0.078259,0.085303,0.163562,3.553e-15
4895.000000,0.88140640,True,2.852245e+01,0.078288,0.085329,0.163616,1.137e-13
4900.000000,0.88230672,True,2.869872e+01,0.078322,0.085360,0.163682,3.553e-15
4905.000000,0.88320703,True,2.887801e+01,0.078363,0.085398,0.163761,1.137e-13
4910.000000,0.88410734,True,2.906037e+01,0.078410,0.085441,0.163851,0.000e+00
4915.000000,0.88500766,True,2.924588e+01,0.078464,0.085490,0.163954,0.000e+00
4920.000000,0.88590797,True,2.943461e+01,0.078524,0.085546,0.164070,1.137e-13
4925.000000,0.88680828,True,2.962663e+01,0.078592,0.085608,0.164199,3.553e-15
4930.000000,0.88770860,True,2.982203e+01,0.078666,0.085676,0.164342,1.137e-13
4935.000000,0.88860891,True,3.002089e+01,0.078747,0.085751,0.164498,1.137e-13
4940.000000,0.88950922,True,3.022329e+01,0.078836,0.085832,0.164668,1.137e-13
4945.000000,0.89040953,True,3.042931e+01,0.078932,0.085920,0.164853,0.000e+00
4950.000000,0.89130985,True,3.063905e+01,0.079036,0.086016,0.165052,1.137e-13
4955.000000,0.89221016,True,3.085260e+01,0.079148,0.086118,0.165266,1.137e-13
4960.000000,0.89311047,True,3.107005e+01,0.079267,0.086228,0.165496,1.137e-13
4965.000000,0.89401079,True,3.129150e+01,0.079395,0.086346,0.165741,1.137e-13
4970.000000,0.89491110,True,3.151705e+01,0.079531,0.086471,0.166002,1.137e-13
4975.000000,0.89581141,True,3.174681e+01,0.079676,0.086604,0.166280,0.000e+00
4980.000000,0.89671172,True,3.198089e+01,0.079829,0.086745,0.166575,3.553e-15
4985.000000,0.89761204,True,3.221940e+01,0.079992,0.086895,0.166886,1.137e-13
4990.000000,0.89851235,True,3.246246e+01,0.080163,0.087053,0.167216,0.000e+00
4995.000000,0.89941266,True,3.271018e+01,0.080344,0.087219,0.167564,0.000e+00
5000.000000,0.90031298,True,3.296270e+01,0.080535,0.087395,0.167930,1.137e-13
5005.000000,0.90121329,True,3.322015e+01,0.080736,0.087580,0.168315,1.138e-13
5010.000000,0.90211360,True,3.348265e+01,0.080946,0.087774,0.168720,3.553e-15
5015.000000,0.90301392,True,3.375036e+01,0.081167,0.087978,0.169145,1.137e-13
5020.000000,0.90391423,True,3.402341e+01,0.081399,0.088192,0.169591,2.274e-13
5025.000000,0.90481454,True,3.430195e+01,0.081642,0.088416,0.170058,1.137e-13
5030.000000,0.90571485,True,3.458615e+01,0.081896,0.088650,0.170546,1.137e-13
5035.000000,0.90661517,True,3.487616e+01,0.082161,0.088896,0.171057,0.000e+00
5040.000000,0.90751548,True,3.517216e+01,0.082438,0.089152,0.171590,0.000e+00
5045.000000,0.90841579,True,3.547431e+01,0.082728,0.089420,0.172148,0.000e+00
5050.000000,0.90931611,True,3.578281e+01,0.083030,0.089699,0.172729,3.553e-15
5055.000000,0.91021642,True,3.609784e+01,0.083345,0.089991,0.173335,1.137e-13
5060.000000,0.91111673,True,3.641961e+01,0.083673,0.090295,0.173967,0.000e+00
5065.000000,0.91201705,True,3.674830e+01,0.084014,0.090611,0.174625,1.776e-15
5070.000000,0.91291736,True,3.708415e+01,0.084370,0.090941,0.175311,1.138e-13
5075.000000,0.91381767,True,3.742738e+01,0.084740,0.091284,0.176024,0.000e+00
5080.000000,0.91471798,True,3.777821e+01,0.085125,0.091642,0.176766,1.137e-13
5085.000000,0.91561830,True,3.813688e+01,0.085525,0.092013,0.177538,3.972e-15
5090.000000,0.91651861,True,3.850367e+01,0.085940,0.092400,0.178340,0.000e+00
5095.000000,0.91741892,True,3.887882e+01,0.086372,0.092802,0.179174,1.137e-13
5100.000000,0.91831924,True,3.926261e+01,0.086821,0.093219,0.180040,0.000e+00
