T_s,T_over_P,m3_numerically_safe,m4_geometry_safe,cond_phi_rv,dv_total_m_s,min_distance_m,min_clearance_outside_corridor_m,min_y_m,max_y_m,koz_violation,corridor_violation,chief_crossing_violation,violation_reason,closure_error_m
300.000000,0.05401878,True,True,1.058714e+00,6.447620,50.000000,1.303623,-1000.000000,-50.000000,False,False,False,none,3.553e-15
310.000000,0.05581940,True,True,1.062775e+00,6.246240,50.000000,1.390944,-1000.000000,-50.000000,False,False,False,none,0.000e+00
320.000000,0.05762003,True,True,1.066980e+00,6.057573,50.000000,1.481076,-1000.000000,-50.000000,False,False,False,none,0.000e+00
330.000000,0.05942066,True,True,1.071330e+00,5.880458,50.000000,1.574053,-1000.000000,-50.000000,False,False,False,none,0.000e+00
340.000000,0.06122128,True,True,1.075826e+00,5.713868,50.000000,1.669858,-1000.000000,-50.000000,False,False,False,none,2.274e-13
350.000000,0.06302191,True,True,1.080470e+00,5.556895,50.000000,1.768481,-1000.000000,-50.000000,False,False,False,none,0.000e+00
360.000000,0.06482253,True,True,1.085262e+00,5.408730,50.000000,1.869893,-1000.000000,-50.000000,False,False,False,none,1.271e-13
370.000000,0.06662316,True,True,1.090205e+00,5.268655,50.000000,1.974148,-1000.000000,-50.000000,False,False,False,none,1.271e-13
380.000000,0.06842379,True,True,1.095298e+00,5.136023,50.000000,0.875231,-1000.000000,-50.000000,False,False,False,none,0.000e+00
390.000000,0.07022441,True,False,1.100544e+00,5.010256,50.000000,-0.445756,-1000.000000,-50.000000,True,False,False,koz_violation,3.553e-15
400.000000,0.07202504,True,False,1.105943e+00,4.890834,50.000000,-1.697156,-1000.000000,-50.000000,True,False,False,koz_violation,5.684e-14
410.000000,0.07382566,True,False,1.111498e+00,4.777286,50.000000,-2.884320,-1000.000000,-50.000000,True,False,False,koz_violation,1.137e-13
420.000000,0.07562629,True,False,1.117209e+00,4.669188,50.000000,-4.012198,-1000.000000,-50.000000,True,True,False,"corridor_violation,koz_violation",3.553e-15
430.000000,0.07742692,True,False,1.123079e+00,4.566154,50.000000,-5.085125,-1000.000000,-50.000000,True,True,False,"corridor_violation,koz_violation",3.553e-15
440.000000,0.07922754,True,False,1.129108e+00,4.467833,50.000000,-6.107090,-1000.000000,-50.000000,True,True,False,"corridor_violation,koz_violation",1.137e-13
450.000000,0.08102817,True,False,1.135297e+00,4.373906,50.000000,-7.081669,-1000.000000,-50.000000,True,True,False,"corridor_violation,koz_violation",2.344e-13
460.000000,0.08282879,True,False,1.141650e+00,4.284082,50.000000,-8.012142,-1000.000000,-50.000000,True,True,False,"corridor_violation,koz_violation",5.684e-14
470.000000,0.08462942,True,False,1.148167e+00,4.198093,50.000000,-8.901488,-1000.000000,-50.000000,True,True,False,"corridor_violation,koz_violation",5.684e-14
480.000000,0.08643005,True,False,1.154850e+00,4.115696,50.000000,-9.752422,-1000.000000,-50.000000,True,True,False,"corridor_violation,koz_violation",5.695e-14
490.000000,0.08823067,True,False,1.161701e+00,4.036665,50.000000,-10.567379,-1000.000000,-50.000000,True,True,False,"corridor_violation,koz_violation",5.695e-14
500.000000,0.09003130,True,False,1.168721e+00,3.960795,50.000000,-11.348650,-1000.000000,-50.000000,True,True,False,"corridor_violation,koz_violation",1.137e-13
510.000000,0.09183192,True,False,1.175913e+00,3.887894,50.000000,-12.098329,-1000.000000,-50.000000,True,True,False,"corridor_violation,koz_violation",5.695e-14
520.000000,0.09363255,True,False,1.183278e+00,3.817789,50.000000,-12.818341,-1000.000000,-50.000000,True,True,False,"corridor_violation,koz_violation",1.272e-13
530.000000,0.09543318,True,False,1.190817e+00,3.750315,50.000000,-13.510405,-1000.000000,-50.000000,True,True,False,"corridor_violation,koz_violation",5.684e-14
540.000000,0.09723380,True,False,1.198534e+00,3.685324,50.000000,-14.176161,-1000.000000,-50.000000,True,True,False,"corridor_violation,koz_violation",2.344e-13
550.000000,0.09903443,True,False,1.206430e+00,3.622676,50.000000,-14.817133,-1000.000000,-50.000000,True,True,False,"corridor_violation,koz_violation",2.274e-13
560.000000,0.10083505,True,False,1.214507e+00,3.562241,50.000000,-15.434698,-1000.000000,-50.000000,True,True,False,"corridor_violation,koz_violation",0.000e+00
570.000000,0.10263568,True,False,1.222767e+00,3.503901,50.000000,-16.030136,-1000.000000,-50.000000,True,True,False,"corridor_violation,koz_violation",1.137e-13
580.000000,0.10443631,True,False,1.231213e+00,3.447542,50.000000,-16.604664,-1000.000000,-50.000000,True,True,False,"corridor_violation,koz_violation",2.274e-13
590.000000,0.10623693,True,False,1.239846e+00,3.393061,50.000000,-17.159355,-1000.000000,-50.000000,True,True,False,"corridor_violation,koz_violation",0.000e+00
600.000000,0.10803756,True,False,1.248668e+00,3.340361,50.000000,-17.695272,-1000.000000,-50.000000,True,True,False,"corridor_violation,koz_violation",0.000e+00
610.000000,0.10983818,True,False,1.257683e+00,3.289351,50.000000,-18.213368,-1000.000000,-50.000000,True,True,False,"corridor_violation,koz_violation",0.000e+00
620.000000,0.11163881,True,False,1.266892e+00,3.239946,50.000000,-18.714546,-1000.000000,-50.000000,True,True,False,"corridor_violation,koz_violation",0.000e+00
630.000000,0.11343944,True,False,1.276298e+00,3.192067,50.000000,-19.199677,-1000.000000,-50.000000,True,True,False,"corridor_violation,koz_violation",0.000e+00
640.000000,0.11524006,True,False,1.285903e+00,3.145640,50.000000,-19.669487,-1000.000000,-50.000000,True,True,False,"corridor_violation,koz_violation",0.000e+00
650.000000,0.11704069,True,False,1.295710e+00,3.100596,50.000000,-20.124724,-1000.000000,-50.000000,True,True,False,"corridor_violation,koz_violation",2.274e-13
660.000000,0.11884131,True,False,1.305721e+00,3.056868,50.000000,-20.566079,-1000.000000,-50.000000,True,True,False,"corridor_violation,koz_violation",0.000e+00
670.000000,0.12064194,True,False,1.315939e+00,3.014395,50.000000,-20.994227,-1000.000000,-50.000000,True,True,False,"corridor_violation,koz_violation",0.000e+00
680.000000,0.12244256,True,False,1.326367e+00,2.973121,50.000000,-21.409759,-1000.000000,-50.000000,True,True,False,"corridor_violation,koz_violation",0.000e+00
690.000000,0.12424319,True,False,1.337007e+00,2.932989,50.000000,-21.813222,-1000.000000,-50.000000,True,True,False,"corridor_violation,koz_violation",0.000e+00
700.000000,0.12604382,True,False,1.347863e+00,2.893951,50.000000,-22.205186,-1000.000000,-50.000000,True,True,False,"corridor_violation,koz_violation",0.000e+00
710.000000,0.12784444,True,False,1.358936e+00,2.855956,50.000000,-22.586122,-1000.000000,-50.000000,True,True,False,"corridor_violation,koz_violation",0.000e+00
720.000000,0.12964507,True,False,1.370231e+00,2.818959,50.000000,-22.956517,-1000.000000,-50.000000,True,True,False,"corridor_violation,koz_violation",0.000e+00
730.000000,0.13144569,True,False,1.381749e+00,2.782919,50.000000,-23.316839,-1000.000000,-50.000000,True,True,False,"corridor_violation,koz_violation",0.000e+00
740.000000,0.13324632,True,False,1.393495e+00,2.747794,50.000000,-23.667484,-1000.000000,-50.000000,True,True,False,"corridor_violation,koz_violation",1.137e-13
750.000000,0.13504695,True,False,1.405471e+00,2.713546,50.000000,-24.008870,-1000.000000,-50.000000,True,True,False,"corridor_violation,koz_violation",0.000e+00
760.000000,0.13684757,True,False,1.417680e+00,2.680138,50.000000,-24.341373,-1000.000000,-50.000000,True,True,False,"corridor_violation,koz_violation",0.000e+00
770.000000,0.13864820,True,False,1.430125e+00,2.647537,50.000000,-24.665351,-1000.000000,-50.000000,True,True,False,"corridor_violation,koz_violation",1.137e-13
780.000000,0.14044882,True,False,1.442811e+00,2.615711,50.000000,-24.981148,-1000.000000,-50.000000,True,True,False,"corridor_violation,koz_violation",0.000e+00
790.000000,0.14224945,True,False,1.455740e+00,2.584627,50.000000,-25.289069,-1000.000000,-50.000000,True,True,False,"corridor_violation,koz_violation",0.000e+00
800.000000,0.14405008,True,False,1.468916e+00,2.554258,50.000000,-25.589425,-1000.000000,-50.000000,True,True,False,"corridor_violation,koz_violation",1.137e-13
810.000000,0.14585070,True,False,1.482343e+00,2.524575,50.000000,-25.882492,-1000.000000,-50.000000,True,True,False,"corridor_violation,koz_violation",3.553e-15
820.000000,0.14765133,True,False,1.496023e+00,2.495552,50.000000,-26.168593,-1000.000000,-50.000000,True,True,False,"corridor_violation,koz_violation",0.000e+00
830.000000,0.14945195,True,False,1.509961e+00,2.467165,50.000000,-26.447935,-1000.000000,-50.000000,True,True,False,"corridor_violation,koz_violation",0.000e+00
840.000000,0.15125258,True,False,1.524161e+00,2.439389,50.000000,-26.720823,-1000.000000,-50.000000,True,True,False,"corridor_violation,koz_violation",1.608e-13
850.000000,0.15305321,True,False,1.538627e+00,2.412203,50.000000,-26.987421,-1000.000000,-50.000000,True,True,False,"corridor_violation,koz_violation",1.137e-13
860.000000,0.15485383,True,False,1.553362e+00,2.385584,50.000000,-27.248021,-1000.000000,-50.000000,True,True,False,"corridor_violation,koz_violation",1.137e-13
870.000000,0.15665446,True,False,1.568370e+00,2.359512,50.000000,-27.502794,-1000.000000,-50.000000,True,True,False,"corridor_violation,koz_violation",1.137e-13
880.000000,0.15845508,True,False,1.583656e+00,2.333968,50.000000,-27.751956,-1000.000000,-50.000000,True,True,False,"corridor_violation,koz_violation",1.608e-13
890.000000,0.16025571,True,False,1.599224e+00,2.308934,50.000000,-27.995717,-1000.000000,-50.000000,True,True,False,"corridor_violation,koz_violation",1.137e-13
900.000000,0.16205634,True,False,1.615078e+00,2.284391,50.000000,-28.234236,-1000.000000,-50.000000,True,True,False,"corridor_violation,koz_violation",1.137e-13
910.000000,0.16385696,True,False,1.631223e+00,2.260323,50.000000,-28.467724,-1000.000000,-50.000000,True,True,False,"corridor_violation,koz_violation",1.137e-13
920.000000,0.16565759,True,False,1.647662e+00,2.236714,50.000000,-28.696312,-1000.000000,-50.000000,True,True,False,"corridor_violation,koz_violation",1.137e-13
930.000000,0.16745821,True,False,1.664402e+00,2.213549,50.000000,-28.920193,-1000.000000,-50.000000,True,True,False,"corridor_violation,koz_violation",1.137e-13
940.000000,0.16925884,True,False,1.681446e+00,2.190812,50.000000,-29.139522,-1000.000000,-50.000000,True,True,False,"corridor_violation,koz_violation",1.137e-13
950.000000,0.17105947,True,False,1.698800e+00,2.168491,50.000000,-29.354424,-1000.000000,-50.000000,True,True,False,"corridor_violation,koz_violation",1.137e-13
960.000000,0.17286009,True,False,1.716468e+00,2.146571,50.000000,-29.565064,-1000.000000,-50.000000,True,True,False,"corridor_violation,koz_violation",1.608e-13
970.000000,0.17466072,True,False,1.734455e+00,2.125040,50.000000,-29.771549,-1000.000000,-50.000000,True,True,False,"corridor_violation,koz_violation",0.000e+00
980.000000,0.17646134,True,False,1.752767e+00,2.103886,50.000000,-29.974043,-1000.000000,-50.000000,True,True,False,"corridor_violation,koz_violation",1.137e-13
990.000000,0.17826197,True,False,1.771409e+00,2.083097,50.000000,-30.172664,-1000.000000,-50.000000,True,True,False,"corridor_violation,koz_violation",1.608e-13
1000.000000,0.18006260,True,False,1.790386e+00,2.062662,50.000000,-30.367495,-1000.000000,-50.000000,True,True,False,"corridor_violation,koz_violation",1.137e-13
1010.000000,0.18186322,True,False,1.809703e+00,2.042570,50.000000,-30.558710,-1000.000000,-50.000000,True,True,False,"corridor_violation,koz_violation",3.411e-13
1020.000000,0.18366385,True,False,1.829367e+00,2.022811,50.000000,-30.746379,-1000.000000,-50.000000,True,True,False,"corridor_violation,koz_violation",2.542e-13
1030.000000,0.18546447,True,False,1.849384e+00,2.003375,50.000000,-30.930616,-1000.000000,-50.000000,True,True,False,"corridor_violation,koz_violation",1.137e-13
1040.000000,0.18726510,True,False,1.869759e+00,1.984253,50.000000,-31.111518,-1000.000000,-50.000000,True,True,False,"corridor_violation,koz_violation",1.137e-13
1050.000000,0.18906573,True,False,1.890497e+00,1.965436,50.000000,-31.289207,-1000.000000,-50.000000,True,True,False,"corridor_violation,koz_violation",1.137e-13
1060.000000,0.19086635,True,False,1.911607e+00,1.946915,50.000000,-31.463751,-1000.000000,-50.000000,True,True,False,"corridor_violation,koz_violation",1.776e-15
1070.000000,0.19266698,True,False,1.933093e+00,1.928681,50.000000,-31.635236,-1000.000000,-50.000000,True,True,False,"corridor_violation,koz_violation",1.137e-13
1080.000000,0.19446760,True,False,1.954963e+00,1.910728,50.000000,-31.803778,-1000.000000,-50.000000,True,True,False,"corridor_violation,koz_violation",1.137e-13
1090.000000,0.19626823,True,False,1.977222e+00,1.893047,50.000000,-31.969450,-1000.000000,-50.000000,True,True,False,"corridor_violation,koz_violation",1.608e-13
1100.000000,0.19806885,True,False,1.999879e+00,1.875630,50.000000,-32.132311,-1000.000000,-50.000000,True,True,False,"corridor_violation,koz_violation",0.000e+00
1110.000000,0.19986948,True,False,2.022939e+00,1.858472,50.000000,-32.292449,-1000.000000,-50.000000,True,True,False,"corridor_violation,koz_violation",1.137e-13
1120.000000,0.20167011,True,False,2.046411e+00,1.841564,50.000000,-32.449981,-1000.000000,-50.000000,True,True,False,"corridor_violation,koz_violation",1.137e-13
1130.000000,0.20347073,True,False,2.070301e+00,1.824902,50.000000,-32.604903,-1000.000000,-50.000000,True,True,False,"corridor_violation,koz_violation",0.000e+00
1140.000000,0.20527136,True,False,2.094617e+00,1.808477,50.000000,-32.757342,-1000.000000,-50.000000,True,True,False,"corridor_violation,koz_violation",0.000e+00
1150.000000,0.20707198,True,False,2.119366e+00,1.792285,50.000000,-32.907341,-1000.000000,-50.000000,True,True,False,"corridor_violation,koz_violation",8.882e-16
1160.000000,0.20887261,True,False,2.144557e+00,1.776319,50.000000,-33.054985,-1000.000000,-50.000000,True,True,False,"corridor_violation,koz_violation",1.608e-13
1170.000000,0.21067324,True,False,2.170198e+00,1.760573,50.000000,-33.200310,-1000.000000,-50.000000,True,True,False,"corridor_violation,koz_violation",1.608e-13
1180.000000,0.21247386,True,False,2.196297e+00,1.745044,50.000000,-33.343405,-1000.000000,-50.000000,True,True,False,"corridor_violation,koz_violation",1.137e-13
1190.000000,0.21427449,True,False,2.222862e+00,1.729724,50.000000,-33.484305,-1000.000000,-50.000000,True,True,False,"corridor_violation,koz_violation",2.274e-13
1200.000000,0.21607511,True,False,2.249902e+00,1.714610,50.000000,-33.623063,-1000.000000,-50.000000,True,True,False,"corridor_violation,koz_violation",1.137e-13
1210.000000,0.21787574,True,False,2.277427e+00,1.699697,50.000000,-33.759744,-1000.000000,-50.000000,True,True,False,"corridor_violation,koz_violation",0.000e+00
1220.000000,0.21967637,True,False,2.305445e+00,1.684979,50.000000,-33.894424,-1000.000000,-50.000000,True,True,False,"corridor_violation,koz_violation",1.137e-13
1230.000000,0.22147699,True,False,2.333967e+00,1.670452,50.000000,-34.027114,-1000.000000,-50.000000,True,True,False,"corridor_violation,koz_violation",2.542e-13
1240.000000,0.22327762,True,False,2.363000e+00,1.656113,50.000000,-34.157857,-1000.000000,-50.000000,True,True,False,"corridor_violation,koz_violation",1.608e-13
1250.000000,0.22507824,True,False,2.392557e+00,1.641956,50.000000,-34.286763,-1000.000000,-50.000000,True,True,False,"corridor_violation,koz_violation",0.000e+00
1260.000000,0.22687887,True,False,2.422646e+00,1.627979,50.000000,-34.413809,-1000.000000,-50.000000,True,True,False,"corridor_violation,koz_violation",1.137e-13
1270.000000,0.22867950,True,False,2.453278e+00,1.614176,50.000000,-34.539072,-1000.000000,-50.000000,True,True,False,"corridor_violation,koz_violation",0.000e+00
1280.000000,0.23048012,True,False,2.484464e+00,1.600544,50.000000,-34.662594,-1000.000000,-50.000000,True,True,False,"corridor_violation,koz_violation",1.608e-13
1290.000000,0.23228075,True,False,2.516216e+00,1.587080,50.000000,-34.784412,-1000.000000,-50.000000,True,True,False,"corridor_violation,koz_violation",1.608e-13
1300.000000,0.23408137,True,False,2.548543e+00,1.573780,50.000000,-34.904585,-1000.000000,-50.000000,True,True,False,"corridor_violation,koz_violation",0.000e+00
1310.000000,0.23588200,True,False,2.581459e+00,1.560641,50.000000,-35.023124,-1000.000000,-50.000000,True,True,False,"corridor_violation,koz_violation",1.608e-13
1320.000000,0.23768263,True,False,2.614976e+00,1.547659,50.000000,-35.140066,-1000.000000,-50.000000,True,True,False,"corridor_violation,koz_violation",1.137e-13
1330.000000,0.23948325,True,False,2.649104e+00,1.534831,50.000000,-35.255466,-1000.000000,-50.000000,True,True,False,"corridor_violation,koz_violation",3.595e-13
1340.000000,0.24128388,True,False,2.683858e+00,1.522154,50.000000,-35.369367,-1000.000000,-50.000000,True,True,False,"corridor_violation,koz_violation",1.137e-13
1350.000000,0.24308450,True,False,2.719250e+00,1.509626,50.000000,-35.481782,-1000.000000,-50.000000,True,True,False,"corridor_violation,koz_violation",0.000e+00
1360.000000,0.24488513,True,False,2.755294e+00,1.497243,50.000000,-35.592745,-1000.000000,-50.000000,True,True,False,"corridor_violation,koz_violation",1.137e-13
1370.000000,0.24668576,True,False,2.792003e+00,1.485002,50.000000,-35.702305,-1000.000000,-50.000000,True,True,False,"corridor_violation,koz_violation",1.608e-13
1380.000000,0.24848638,True,False,2.829392e+00,1.472901,50.000000,-35.810484,-1000.000000,-50.000000,True,True,False,"corridor_violation,koz_violation",1.608e-13
1390.000000,0.25028701,True,False,2.867475e+00,1.460937,50.000000,-35.917302,-1000.000000,-50.000000,True,True,False,"corridor_violation,koz_violation",1.137e-13
1400.000000,0.25208763,True,False,2.906268e+00,1.449108,50.000000,-36.022816,-1000.000000,-50.000000,True,True,False,"corridor_violation,koz_violation",0.000e+00
1410.000000,0.25388826,True,False,2.945785e+00,1.437412,50.000000,-36.127032,-1000.000000,-50.000000,True,True,False,"corridor_violation,koz_violation",0.000e+00
1420.000000,0.25568889,True,False,2.986043e+00,1.425844,50.000000,-36.229985,-1000.000000,-50.000000,True,True,False,"corridor_violation,koz_violation",1.137e-13
1430.000000,0.25748951,True,False,3.027059e+00,1.414405,50.000000,-36.331702,-1000.000000,-50.000000,True,True,False,"corridor_violation,koz_violation",0.000e+00
1440.000000,0.25929014,True,False,3.068849e+00,1.403091,50.000000,-36.432213,-1000.000000,-50.000000,True,True,False,"corridor_violation,koz_violation",1.137e-13
1450.000000,0.26109076,True,False,3.111430e+00,1.391899,50.000000,-36.531546,-1000.000000,-50.000000,True,True,False,"corridor_violation,koz_violation",1.608e-13
1460.000000,0.26289139,True,False,3.154821e+00,1.380829,50.000000,-36.629706,-1000.000000,-50.000000,True,True,False,"corridor_violation,koz_violation",2.274e-13
1470.000000,0.26469202,True,False,3.199041e+00,1.369878,50.000000,-36.726741,-1000.000000,-50.000000,True,True,False,"corridor_violation,koz_violation",1.608e-13
1480.000000,0.26649264,True,False,3.244107e+00,1.359043,50.000000,-36.822663,-1000.000000,-50.000000,True,True,False,"corridor_violation,koz_violation",2.274e-13
1490.000000,0.26829327,True,False,3.290041e+00,1.348324,50.000000,-36.917491,-1000.000000,-50.000000,True,True,False,"corridor_violation,koz_violation",1.137e-13
1500.000000,0.27009389,True,False,3.336862e+00,1.337717,50.000000,-37.011270,-1000.000000,-50.000000,True,True,False,"corridor_violation,koz_violation",1.137e-13
1510.000000,0.27189452,True,False,3.384592e+00,1.327222,50.000000,-37.103999,-1000.000000,-50.000000,True,True,False,"corridor_violation,koz_violation",1.608e-13
1520.000000,0.27369514,True,False,3.433252e+00,1.316836,50.000000,-37.195708,-1000.000000,-50.000000,True,True,False,"corridor_violation,koz_violation",2.542e-13
1530.000000,0.27549577,True,False,3.482864e+00,1.306558,50.000000,-37.286402,-1000.000000,-50.000000,True,True,False,"corridor_violation,koz_violation",0.000e+00
1540.000000,0.27729640,True,False,3.533452e+00,1.296386,50.000000,-37.376130,-1000.000000,-50.000000,True,True,False,"corridor_violation,koz_violation",0.000e+00
1550.000000,0.27909702,True,False,3.585039e+00,1.286318,50.000000,-37.464881,-1000.000000,-50.000000,True,True,False,"corridor_violation,koz_violation",2.274e-13
1560.000000,0.28089765,True,False,3.637651e+00,1.276353,50.000000,-37.552713,-1000.000000,-50.000000,True,True,False,"corridor_violation,koz_violation",1.137e-13
1570.000000,0.28269827,True,False,3.691312e+00,1.266490,50.000000,-37.639605,-1000.000000,-50.000000,True,True,False,"corridor_violation,koz_violation",5.684e-14
1580.000000,0.28449890,True,False,3.746049e+00,1.256726,50.000000,-37.725593,-1000.000000,-50.000000,True,True,False,"corridor_violation,koz_violation",1.608e-13
1590.000000,0.28629953,True,False,3.801890e+00,1.247060,50.000000,-37.810678,-1000.000000,-50.000000,True,True,False,"corridor_violation,koz_violation",5.685e-14
1600.000000,0.28810015,True,False,3.858862e+00,1.237491,50.000000,-37.894914,-1000.000000,-50.000000,True,True,False,"corridor_violation,koz_violation",5.684e-14
1610.000000,0.28990078,True,False,3.916994e+00,1.228017,50.000000,-37.978275,-1000.000000,-50.000000,True,True,False,"corridor_violation,koz_violation",0.000e+00
1620.000000,0.29170140,True,False,3.976318e+00,1.218638,50.000000,-38.060808,-1000.000000,-50.000000,True,True,False,"corridor_violation,koz_violation",1.271e-13
1630.000000,0.29350203,True,False,4.036864e+00,1.209351,50.000000,-38.142521,-1000.000000,-50.000000,True,True,False,"corridor_violation,koz_violation",0.000e+00
1640.000000,0.29530266,True,False,4.098664e+00,1.200156,50.000000,-38.223429,-1000.000000,-50.000000,True,True,False,"corridor_violation,koz_violation",1.271e-13
1650.000000,0.29710328,True,False,4.161752e+00,1.191051,50.000000,-38.303534,-1000.000000,-50.000000,True,True,False,"corridor_violation,koz_violation",1.271e-13
1660.000000,0.29890391,True,False,4.226163e+00,1.182034,50.000000,-38.382871,-1000.000000,-50.000000,True,True,False,"corridor_violation,koz_violation",1.137e-13
1670.000000,0.30070453,True,False,4.291933e+00,1.173106,50.000000,-38.461437,-1000.000000,-50.000000,True,True,False,"corridor_violation,koz_violation",0.000e+00
1680.000000,0.30250516,True,False,4.359098e+00,1.164264,50.000000,-38.539254,-1000.000000,-50.000000,True,True,False,"corridor_violation,koz_violation",0.000e+00
1690.000000,0.30430579,True,False,4.427699e+00,1.155507,50.000000,-38.616337,-1000.000000,-50.000000,True,True,False,"corridor_violation,koz_violation",2.344e-13
1700.000000,0.30610641,True,False,4.497774e+00,1.146835,50.000000,-38.692688,-1000.000000,-50.000000,True,True,False,"corridor_violation,koz_violation",5.684e-14
1710.000000,0.30790704,True,False,4.569367e+00,1.138246,50.000000,-38.768337,-1000.000000,-50.000000,True,True,False,"corridor_violation,koz_violation",0.000e+00
1720.000000,0.30970766,True,False,4.642519e+00,1.129739,50.000000,-38.843292,-1000.000000,-50.000000,True,True,False,"corridor_violation,koz_violation",5.684e-14
1730.000000,0.31150829,True,False,4.717276e+00,1.121313,50.000000,-38.917554,-1000.000000,-50.000000,True,True,False,"corridor_violation,koz_violation",2.274e-13
1740.000000,0.31330892,True,False,4.793684e+00,1.112967,50.000000,-38.991137,-1000.000000,-50.000000,True,True,False,"corridor_violation,koz_violation",2.274e-13
1750.000000,0.31510954,True,False,4.871793e+00,1.104700,50.000000,-39.064059,-1000.000000,-50.000000,True,True,False,"corridor_violation,koz_violation",2.274e-13
1760.000000,0.31691017,True,False,4.951652e+00,1.096512,50.000000,-39.136342,-1000.000000,-50.000000,True,True,False,"corridor_violation,koz_violation",5.684e-14
1770.000000,0.31871079,True,False,5.033315e+00,1.088400,50.000000,-39.207980,-1000.000000,-50.000000,True,True,False,"corridor_violation,koz_violation",5.684e-14
1780.000000,0.32051142,True,False,5.116835e+00,1.080365,50.000000,-39.278979,-1000.000000,-50.000000,True,True,False,"corridor_violation,koz_violation",0.000e+00
1790.000000,0.32231205,True,False,5.202269e+00,1.072405,50.000000,-39.349375,-1000.000000,-50.000000,True,True,False,"corridor_violation,koz_violation",1.271e-13
1800.000000,0.32411267,True,False,5.289677e+00,1.064520,50.000000,-39.419147,-1000.000000,-50.000000,True,True,False,"corridor_violation,koz_violation",1.608e-13
1810.000000,0.32591330,True,False,5.379120e+00,1.056709,50.000000,-39.488323,-1000.000000,-50.000000,True,True,False,"corridor_violation,koz_violation",1.776e-15
1820.000000,0.32771392,True,False,5.470663e+00,1.048970,50.000000,-39.556918,-1000.000000,-50.000000,True,True,False,"corridor_violation,koz_violation",2.344e-13
1830.000000,0.32951455,True,False,5.564373e+00,1.041304,50.000000,-39.624921,-1000.000000,-50.000000,True,True,False,"corridor_violation,koz_violation",1.271e-13
1840.000000,0.33131518,True,False,5.660318e+00,1.033709,50.000000,-39.692361,-1000.000000,-50.000000,True,True,False,"corridor_violation,koz_violation",1.776e-15
1850.000000,0.33311580,True,False,5.758573e+00,1.026184,50.000000,-39.759237,-1000.000000,-50.000000,True,True,False,"corridor_violation,koz_violation",0.000e+00
1860.000000,0.33491643,True,False,5.859213e+00,1.018729,50.000000,-39.825556,-1000.000000,-50.000000,True,True,False,"corridor_violation,koz_violation",0.000e+00
1870.000000,0.33671705,True,False,5.962317e+00,1.011344,50.000000,-39.891324,-1000.000000,-50.000000,True,True,False,"corridor_violation,koz_violation",5.684e-14
1880.000000,0.33851768,True,False,6.067970e+00,1.004026,50.000000,-39.956563,-1000.000000,-50.000000,True,True,False,"corridor_violation,koz_violation",1.137e-13
1890.000000,0.34031831,True,False,6.176256e+00,0.996777,50.000000,-40.021266,-1000.000000,-50.000000,True,True,False,"corridor_violation,koz_violation",0.000e+00
1900.000000,0.34211893,True,False,6.287268e+00,0.989594,50.000000,-40.085449,-1000.000000,-50.000000,True,True,False,"corridor_violation,koz_violation",1.271e-13
1910.000000,0.34391956,True,False,6.401101e+00,0.982478,50.000000,-40.149116,-1000.000000,-50.000000,True,True,False,"corridor_violation,koz_violation",5.684e-14
1920.000000,0.34572018,True,False,6.517852e+00,0.975427,50.000000,-40.212270,-1000.000000,-50.000000,True,True,False,"corridor_violation,koz_violation",1.271e-13
1930.000000,0.34752081,True,False,6.637628e+00,0.968442,50.000000,-40.274931,-1000.000000,-50.000000,True,True,False,"corridor_violation,koz_violation",5.684e-14
1940.000000,0.34932144,True,False,6.760536e+00,0.961522,50.000000,-40.337089,-1000.000000,-50.000000,True,True,False,"corridor_violation,koz_violation",1.137e-13
1950.000000,0.35112206,True,False,6.886692e+00,0.954665,50.000000,-40.398761,-1000.000000,-50.000000,True,True,False,"corridor_violation,koz_violation",2.274e-13
1960.000000,0.35292269,True,False,7.016215e+00,0.947872,50.000000,-40.459938,-1000.000000,-50.000000,True,True,False,"corridor_violation,koz_violation",3.553e-15
1970.000000,0.35472331,True,False,7.149231e+00,0.941143,50.000000,-40.520644,-1000.000000,-50.000000,True,True,False,"corridor_violation,koz_violation",2.344e-13
1980.000000,0.35652394,True,False,7.285874e+00,0.934475,50.000000,-40.580869,-1000.000000,-50.000000,True,True,False,"corridor_violation,koz_violation",2.274e-13
1990.000000,0.35832456,True,False,7.426281e+00,0.927870,50.000000,-40.640641,-1000.000000,-50.000000,True,True,False,"corridor_violation,koz_violation",1.137e-13
2000.000000,0.36012519,True,False,7.570600e+00,0.921327,50.000000,-40.699955,-1000.000000,-50.000000,True,True,False,"corridor_violation,koz_violation",1.271e-13
2010.000000,0.36192582,True,False,7.718984e+00,0.914845,50.000000,-40.758785,-1000.000000,-50.000000,True,True,False,"corridor_violation,koz_violation",2.344e-13
2020.000000,0.36372644,True,False,7.871596e+00,0.908424,50.000000,-40.817172,-1000.000000,-50.000000,True,True,False,"corridor_violation,koz_violation",2.274e-13
2030.000000,0.36552707,True,False,8.028606e+00,0.902063,50.000000,-40.875108,-1000.000000,-50.000000,True,True,False,"corridor_violation,koz_violation",5.684e-14
2040.000000,0.36732769,True,False,8.190195e+00,0.895763,50.000000,-40.932600,-1000.000000,-50.000000,True,True,False,"corridor_violation,koz_violation",1.271e-13
2050.000000,0.36912832,True,False,8.356553e+00,0.889522,50.000000,-40.989642,-1000.000000,-50.000000,True,True,False,"corridor_violation,koz_violation",0.000e+00
2060.000000,0.37092895,True,False,8.527880e+00,0.883342,50.000000,-41.046239,-1000.000000,-50.000000,True,True,False,"corridor_violation,koz_violation",3.411e-13
2070.000000,0.37272957,True,False,8.704390e+00,0.877220,50.000000,-41.102402,-1000.000000,-50.000000,True,True,False,"corridor_violation,koz_violation",2.274e-13
2080.000000,0.37453020,True,False,8.886306e+00,0.871158,50.000000,-41.158119,-1000.000000,-50.000000,True,True,False,"corridor_violation,koz_violation",5.684e-14
2090.000000,0.37633082,True,False,9.073865e+00,0.865156,50.000000,-41.213412,-1000.000000,-50.000000,True,True,False,"corridor_violation,koz_violation",0.000e+00
2100.000000,0.37813145,True,False,9.267320e+00,0.859212,50.000000,-41.268254,-1000.000000,-50.000000,True,True,False,"corridor_violation,koz_violation",1.137e-13
2110.000000,0.37993208,True,False,9.466938e+00,0.853327,50.000000,-41.322667,-1000.000000,-50.000000,True,True,False,"corridor_violation,koz_violation",2.842e-14
2120.000000,0.38173270,True,False,9.673000e+00,0.847501,50.000000,-41.376637,-1000.000000,-50.000000,True,True,False,"corridor_violation,koz_violation",0.000e+00
2130.000000,0.38353333,True,False,9.885809e+00,0.841733,50.000000,-41.430170,-1000.000000,-50.000000,True,True,False,"corridor_violation,koz_violation",2.291e-13
2140.000000,0.38533395,True,False,1.010568e+01,0.836025,50.000000,-41.483263,-1000.000000,-50.000000,True,True,False,"corridor_violation,koz_violation",0.000e+00
2150.000000,0.38713458,True,False,1.033296e+01,0.830376,50.000000,-41.535912,-1000.000000,-50.000000,True,True,False,"corridor_violation,koz_violation",2.864e-14
2160.000000,0.38893521,True,False,1.056801e+01,0.824786,50.000000,-41.588126,-1000.000000,-50.000000,True,True,False,"corridor_violation,koz_violation",0.000e+00
2170.000000,0.39073583,True,False,1.081121e+01,0.819256,50.000000,-41.639884,-1000.000000,-50.000000,True,True,False,"corridor_violation,koz_violation",0.000e+00
2180.000000,0.39253646,True,False,1.106297e+01,0.813785,50.000000,-41.691199,-1000.000000,-50.000000,True,True,False,"corridor_violation,koz_violation",3.553e-15
2190.000000,0.39433708,True,False,1.132374e+01,0.808375,50.000000,-41.742048,-1000.000000,-50.000000,True,True,False,"corridor_violation,koz_violation",1.271e-13
2200.000000,0.39613771,True,False,1.159398e+01,0.803026,50.000000,-41.792424,-1000.000000,-50.000000,True,True,False,"corridor_violation,koz_violation",1.172e-13
2210.000000,0.39793834,True,False,1.187420e+01,0.797738,50.000000,-41.842339,-1000.000000,-50.000000,True,True,False,"corridor_violation,koz_violation",2.274e-13
2220.000000,0.39973896,True,False,1.216495e+01,0.792512,50.000000,-41.891768,-1000.000000,-50.000000,True,True,False,"corridor_violation,koz_violation",2.274e-13
2230.000000,0.40153959,True,False,1.246679e+01,0.787349,50.000000,-41.940693,-1000.000000,-50.000000,True,True,False,"corridor_violation,koz_violation",0.000e+00
2240.000000,0.40334021,True,False,1.278035e+01,0.782249,50.000000,-41.989125,-1000.000000,-50.000000,True,True,False,"corridor_violation,koz_violation",2.842e-14
2250.000000,0.40514084,True,False,1.310630e+01,0.777215,50.000000,-42.037032,-1000.000000,-50.000000,True,True,False,"corridor_violation,koz_violation",0.000e+00
2260.000000,0.40694147,True,False,1.344537e+01,0.772246,50.000000,-42.084397,-1000.000000,-50.000000,True,True,False,"corridor_violation,koz_violation",2.842e-14
2270.000000,0.40874209,True,False,1.379833e+01,0.767345,50.000000,-42.131214,-1000.000000,-50.000000,True,True,False,"corridor_violation,koz_violation",3.458e-13
2280.000000,0.41054272,True,False,1.416602e+01,0.762513,50.000000,-42.177452,-1000.000000,-50.000000,True,True,False,"corridor_violation,koz_violation",0.000e+00
2290.000000,0.41234334,True,False,1.454936e+01,0.757752,50.000000,-42.223092,-1000.000000,-50.000000,True,True,False,"corridor_violation,koz_violation",2.842e-14
2300.000000,0.41414397,True,False,1.494933e+01,0.753064,50.000000,-42.268108,-1000.000000,-50.000000,True,True,False,"corridor_violation,koz_violation",2.842e-14
2310.000000,0.41594460,True,False,1.536700e+01,0.748451,50.000000,-42.312462,-1000.000000,-50.000000,True,True,False,"corridor_violation,koz_violation",5.684e-14
2320.000000,0.41774522,True,False,1.580355e+01,0.743916,50.000000,-42.356124,-1000.000000,-50.000000,True,True,False,"corridor_violation,koz_violation",0.000e+00
2330.000000,0.41954585,True,False,1.626024e+01,0.739461,50.000000,-42.399065,-1000.000000,-50.000000,True,True,False,"corridor_violation,koz_violation",1.172e-13
2340.000000,0.42134647,True,False,1.673846e+01,0.735091,50.000000,-42.441224,-1000.000000,-50.000000,True,True,False,"corridor_violation,koz_violation",2.864e-14
2350.000000,0.42314710,True,False,1.723972e+01,0.730809,50.000000,-42.482556,-1000.000000,-50.000000,True,True,False,"corridor_violation,koz_violation",2.864e-14
2360.000000,0.42494773,True,False,1.776570e+01,0.726619,50.000000,-42.523012,-1000.000000,-50.000000,True,True,False,"corridor_violation,koz_violation",2.864e-14
2370.000000,0.42674835,True,False,1.831821e+01,0.722526,50.000000,-42.562513,-1000.000000,-50.000000,True,True,False,"corridor_violation,koz_violation",3.553e-15
2380.000000,0.42854898,True,False,1.889926e+01,0.718536,50.000000,-42.601009,-1000.000000,-50.000000,True,True,False,"corridor_violation,koz_violation",2.291e-13
2390.000000,0.43034960,True,False,1.951109e+01,0.714655,50.000000,-42.638393,-1000.000000,-50.000000,True,True,False,"corridor_violation,koz_violation",0.000e+00
2400.000000,0.43215023,True,False,2.015613e+01,0.710891,50.000000,-42.674562,-1000.000000,-50.000000,True,True,False,"corridor_violation,koz_violation",1.137e-13
2410.000000,0.43395085,True,False,2.083711e+01,0.707251,50.000000,-42.709434,-1000.000000,-50.000000,True,True,False,"corridor_violation,koz_violation",3.553e-15
2420.000000,0.43575148,True,False,2.155706e+01,0.703745,50.000000,-42.742853,-1000.000000,-50.000000,True,True,False,"corridor_violation,koz_violation",2.274e-13
2430.000000,0.43755211,True,False,2.231936e+01,0.700385,50.000000,-42.774684,-1000.000000,-50.000000,True,True,False,"corridor_violation,koz_violation",1.146e-13
2440.000000,0.43935273,True,False,2.312778e+01,0.697182,50.000000,-42.804766,-1000.000000,-50.000000,True,True,False,"corridor_violation,koz_violation",1.146e-13
2450.000000,0.44115336,True,False,2.398657e+01,0.694151,50.000000,-42.832879,-1000.000000,-50.000000,True,True,False,"corridor_violation,koz_violation",1.137e-13
2460.000000,0.44295398,True,False,2.490049e+01,0.691309,50.000000,-42.858794,-1000.000000,-50.000000,True,True,False,"corridor_violation,koz_violation",3.553e-15
2470.000000,0.44475461,True,False,2.587495e+01,0.688675,50.000000,-42.882248,-1000.000000,-50.000000,True,True,False,"corridor_violation,koz_violation",1.465e-14
2480.000000,0.44655524,True,False,2.691608e+01,0.686273,50.000000,-42.902914,-1000.000000,-50.000000,True,True,False,"corridor_violation,koz_violation",2.274e-13
2490.000000,0.44835586,True,False,2.803085e+01,0.684128,50.000000,-42.920427,-1000.000000,-50.000000,True,True,False,"corridor_violation,koz_violation",1.421e-14
2500.000000,0.45015649,True,False,2.922725e+01,0.682273,50.000000,-42.934313,-1000.000000,-50.000000,True,True,False,"corridor_violation,koz_violation",1.421e-14
2510.000000,0.45195711,True,False,3.051448e+01,0.680745,50.000000,-42.944047,-1000.000000,-50.000000,True,True,False,"corridor_violation,koz_violation",1.421e-14
2520.000000,0.45375774,True,False,3.190314e+01,0.679588,50.000000,-42.948994,-1000.000000,-50.000000,True,True,False,"corridor_violation,koz_violation",1.146e-13
2530.000000,0.45555837,True,False,3.340559e+01,0.678855,50.000000,-42.948339,-1000.000000,-50.000000,True,True,False,"corridor_violation,koz_violation",1.146e-13
2540.000000,0.45735899,True,False,3.503624e+01,0.678610,50.000000,-42.941155,-1000.000000,-50.000000,True,True,False,"corridor_violation,koz_violation",1.146e-13
2550.000000,0.45915962,True,False,3.681206e+01,0.678929,50.000000,-42.926273,-1000.000000,-50.000000,True,True,False,"corridor_violation,koz_violation",0.000e+00
2560.000000,0.46096024,True,False,3.875315e+01,0.679907,50.000000,-42.902220,-1000.000000,-50.000000,True,True,False,"corridor_violation,koz_violation",3.553e-15
2570.000000,0.46276087,True,False,4.088349e+01,0.681659,50.000000,-42.867204,-1000.000000,-50.000000,True,True,False,"corridor_violation,koz_violation",7.944e-15
2580.000000,0.46456150,True,False,4.323196e+01,0.684328,50.000000,-42.818932,-1000.000000,-50.000000,True,True,False,"corridor_violation,koz_violation",7.944e-15
2590.000000,0.46636212,True,False,4.583359e+01,0.688090,50.000000,-42.754502,-1000.000000,-50.000000,True,True,False,"corridor_violation,koz_violation",1.137e-13
2600.000000,0.46816275,True,False,4.873134e+01,0.693171,50.000000,-42.670150,-1000.000000,-50.000000,True,True,False,"corridor_violation,koz_violation",2.278e-13
2610.000000,0.46996337,True,False,5.197850e+01,0.699855,50.000000,-42.560976,-1000.000000,-50.000000,True,True,False,"corridor_violation,koz_violation",1.139e-13
2620.000000,0.47176400,True,False,5.564192e+01,0.708508,50.000000,-42.420469,-1000.000000,-50.000000,True,True,False,"corridor_violation,koz_violation",1.139e-13
2630.000000,0.47356463,True,False,5.980669e+01,0.719608,50.000000,-42.239908,-1000.000000,-50.000000,True,True,False,"corridor_violation,koz_violation",1.139e-13
2640.000000,0.47536525,True,False,6.458276e+01,0.733786,50.000000,-42.007264,-1000.000000,-50.000000,True,True,False,"corridor_violation,koz_violation",1.139e-13
2650.000000,0.47716588,True,False,7.011477e+01,0.751887,50.000000,-41.705765,-1000.000000,-50.000000,True,True,False,"corridor_violation,koz_violation",7.944e-15
2660.000000,0.47896650,True,False,7.659689e+01,0.775069,50.000000,-41.311381,-1000.000000,-50.000000,True,True,False,"corridor_violation,koz_violation",1.139e-13
2670.000000,0.48076713,True,False,8.429600e+01,0.804946,50.000000,-40.788805,-1000.000000,-50.000000,True,True,False,"corridor_violation,koz_violation",5.024e-15
2680.000000,0.48256776,True,False,9.358926e+01,0.843830,50.000000,-41.451569,-1000.000000,-50.000000,True,True,False,"corridor_violation,koz_violation",1.138e-13
2690.000000,0.48436838,True,False,1.050276e+02,0.895128,50.000000,-42.381836,-1000.000000,-50.000000,True,True,False,"corridor_violation,koz_violation",1.137e-13
2700.000000,0.48616901,True,False,1.194488e+02,0.964059,50.000000,-43.209963,-1000.000000,-50.000000,True,True,False,"corridor_violation,koz_violation",3.553e-15
2710.000000,0.48796963,True,False,1.381924e+02,1.058994,50.000000,-43.934981,-1000.000000,-50.000000,True,True,False,"corridor_violation,koz_violation",1.137e-13
2720.000000,0.48977026,True,False,1.635408e+02,1.194222,50.000000,-44.556389,-1000.000000,-50.000000,True,True,False,"corridor_violation,koz_violation",1.776e-15
2730.000000,0.49157089,True,False,1.997269e+02,1.396230,50.000000,-45.074161,-1000.000000,-50.000000,True,True,False,"corridor_violation,koz_violation",3.553e-15
2740.000000,0.49337151,True,False,2.555828e+02,1.720214,50.000000,-45.488793,-1000.000000,-50.000000,True,True,False,"corridor_violation,koz_violation",1.776e-15
2750.000000,0.49517214,True,False,3.531175e+02,2.303533,50.000000,-45.801253,-1000.000000,-50.000000,True,True,False,"corridor_violation,koz_violation",1.137e-13
2760.000000,0.49697276,True,False,5.667033e+02,3.609885,50.000000,-46.013076,-1000.000000,-50.000000,True,True,False,"corridor_violation,koz_violation",0.000e+00
2770.000000,0.49877339,True,False,1.407420e+03,8.824296,50.000000,-46.126335,-1000.000000,-50.000000,True,True,False,"corridor_violation,koz_violation",0.000e+00
2780.000000,0.50057402,True,False,3.026465e+03,18.828995,50.000000,-46.144395,-1000.000000,-50.000000,True,True,False,"corridor_violation,koz_violation",0.000e+00
2790.000000,0.50237464,True,False,7.361899e+02,4.580633,49.999995,-50.000005,-1000.000782,-49.999218,True,True,True,"corridor_violation,koz_violation,chief_crossing_violation",3.662e-15
2800.000000,0.50417527,True,False,4.213402e+02,2.640969,49.999958,-50.000042,-1000.002273,-49.997727,True,True,True,"corridor_violation,koz_violation,chief_crossing_violation",3.553e-15
2810.000000,0.50597589,True,False,2.962402e+02,1.882555,49.999834,-50.000166,-1000.005112,-49.994888,True,True,True,"corridor_violation,koz_violation,chief_crossing_violation",1.137e-13
2820.000000,0.50777652,True,False,2.290824e+02,1.483912,49.999562,-50.000438,-1000.008504,-49.991496,True,True,True,"corridor_violation,koz_violation,chief_crossing_violation",3.972e-15
2830.000000,0.50957714,True,False,1.871853e+02,1.241312,49.999083,-50.000917,-1000.012852,-49.987148,True,True,True,"corridor_violation,koz_violation,chief_crossing_violation",1.138e-13
2840.000000,0.51137777,True,False,1.585558e+02,1.079997,49.998349,-50.001651,-1000.018193,-49.981807,True,True,True,"corridor_violation,koz_violation,chief_crossing_violation",3.553e-15
2850.000000,0.51317840,True,False,1.377554e+02,0.966092,49.997328,-50.002672,-1000.024046,-49.975954,True,True,True,"corridor_violation,koz_violation,chief_crossing_violation",1.137e-13
2860.000000,0.51497902,True,False,1.219609e+02,0.882050,49.995999,-50.004001,-1000.031088,-49.968912,True,True,True,"corridor_violation,koz_violation,chief_crossing_violation",0.000e+00
2870.000000,0.51677965,True,False,1.095608e+02,0.817893,49.994352,-50.005648,-1000.038788,-49.961212,True,True,True,"corridor_violation,koz_violation,chief_crossing_violation",0.000e+00
2880.000000,0.51858027,True,False,9.956812e+01,0.767552,49.992382,-50.007618,-1000.047066,-49.952934,True,True,True,"corridor_violation,koz_violation,chief_crossing_violation",1.140e-13
2890.000000,0.52038090,True,False,9.134495e+01,0.727133,49.990092,-50.009908,-1000.056548,-49.943452,True,True,True,"corridor_violation,koz_violation,chief_crossing_violation",1.137e-13
2900.000000,0.52218153,True,False,8.446038e+01,0.694036,49.987485,-50.012515,-1000.066475,-49.933525,True,True,True,"corridor_violation,koz_violation,chief_crossing_violation",1.066e-14
2910.000000,0.52398215,True,False,7.861291e+01,0.666468,49.984567,-50.015433,-1000.077210,-49.922790,True,True,True,"corridor_violation,koz_violation,chief_crossing_violation",7.105e-15
2920.000000,0.52578278,True,False,7.358529e+01,0.643154,49.981344,-50.018656,-1000.088830,-49.911170,True,True,True,"corridor_violation,koz_violation,chief_crossing_violation",1.139e-13
2930.000000,0.52758340,True,False,6.921700e+01,0.623167,49.977821,-50.022179,-1000.100863,-49.899137,True,True,True,"corridor_violation,koz_violation,chief_crossing_violation",1.421e-14
2940.000000,0.52938403,True,False,6.538687e+01,0.605823,49.974004,-50.025996,-1000.113918,-49.886082,True,True,True,"corridor_violation,koz_violation,chief_crossing_violation",0.000e+00
2950.000000,0.53118466,True,False,6.200168e+01,0.590603,49.969898,-50.030102,-1000.127560,-49.872440,True,True,True,"corridor_violation,koz_violation,chief_crossing_violation",2.275e-13
2960.000000,0.53298528,True,False,5.898862e+01,0.577113,49.965509,-50.034491,-1000.141636,-49.858364,True,True,True,"corridor_violation,koz_violation,chief_crossing_violation",3.553e-15
2970.000000,0.53478591,True,False,5.628991e+01,0.565045,49.960840,-50.039160,-1000.156833,-49.843167,True,True,True,"corridor_violation,koz_violation,chief_crossing_violation",1.139e-13
2980.000000,0.53658653,True,False,5.385917e+01,0.554156,49.955895,-50.044105,-1000.172391,-49.827609,True,True,True,"corridor_violation,koz_violation,chief_crossing_violation",0.000e+00
2990.000000,0.53838716,True,False,5.165871e+01,0.544257,49.950678,-50.049322,-1000.188587,-49.811413,True,True,True,"corridor_violation,koz_violation,chief_crossing_violation",0.000e+00
3000.000000,0.54018779,True,False,4.965762e+01,0.535192,49.945192,-50.054808,-1000.205627,-49.794373,True,True,True,"corridor_violation,koz_violation,chief_crossing_violation",1.140e-13
3010.000000,0.54198841,True,False,4.783025e+01,0.526837,49.939440,-50.060560,-1000.223002,-49.776998,True,True,True,"corridor_violation,koz_violation,chief_crossing_violation",1.139e-13
3020.000000,0.54378904,True,False,4.615521e+01,0.519090,49.933424,-50.066576,-1000.241203,-49.758797,True,True,True,"corridor_violation,koz_violation,chief_crossing_violation",0.000e+00
3030.000000,0.54558966,True,False,4.461446e+01,0.511868,49.927146,-50.072854,-1000.259993,-49.740007,True,True,True,"corridor_violation,koz_violation,chief_crossing_violation",7.105e-15
3040.000000,0.54739029,True,False,4.319273e+01,0.505102,49.920609,-50.079391,-1000.279096,-49.720904,True,True,True,"corridor_violation,koz_violation,chief_crossing_violation",0.000e+00
3050.000000,0.54919092,True,False,4.187696e+01,0.498733,49.913814,-50.086186,-1000.299195,-49.700805,True,True,True,"corridor_violation,koz_violation,chief_crossing_violation",7.105e-15
3060.000000,0.55099154,True,False,4.065595e+01,0.492712,49.906763,-50.093237,-1000.319649,-49.680351,True,True,True,"corridor_violation,koz_violation,chief_crossing_violation",0.000e+00
3070.000000,0.55279217,True,False,3.952003e+01,0.486999,49.899458,-50.100542,-1000.340528,-49.659472,True,True,True,"corridor_violation,koz_violation,chief_crossing_violation",0.000e+00
3080.000000,0.55459279,True,False,3.846079e+01,0.481558,49.891899,-50.108101,-1000.362292,-49.637708,True,True,True,"corridor_violation,koz_violation,chief_crossing_violation",3.553e-15
3090.000000,0.55639342,True,False,3.747091e+01,0.476361,49.884088,-50.115912,-1000.384334,-49.615666,True,True,True,"corridor_violation,koz_violation,chief_crossing_violation",1.421e-14
3100.000000,0.55819405,True,False,3.654398e+01,0.471381,49.876026,-50.123974,-1000.406952,-49.593048,True,True,True,"corridor_violation,koz_violation,chief_crossing_violation",1.421e-14
3110.000000,0.55999467,True,False,3.567434e+01,0.466595,49.867714,-50.132286,-1000.430248,-49.569752,True,True,True,"corridor_violation,koz_violation,chief_crossing_violation",2.274e-13
3120.000000,0.56179530,True,False,3.485701e+01,0.461986,49.859153,-50.140847,-1000.453806,-49.546194,True,True,True,"corridor_violation,koz_violation,chief_crossing_violation",0.000e+00
3130.000000,0.56359592,True,False,3.408756e+01,0.457537,49.850343,-50.149657,-1000.478072,-49.521928,True,True,True,"corridor_violation,koz_violation,chief_crossing_violation",1.421e-14
3140.000000,0.56539655,True,False,3.336206e+01,0.453232,49.841286,-50.158714,-1000.502834,-49.497166,True,True,True,"corridor_violation,koz_violation,chief_crossing_violation",1.137e-13
3150.000000,0.56719718,True,False,3.267700e+01,0.449060,49.831982,-50.168018,-1000.527843,-49.472157,True,True,True,"corridor_violation,koz_violation,chief_crossing_violation",0.000e+00
3160.000000,0.56899780,True,False,3.202922e+01,0.445009,49.822432,-50.177568,-1000.553672,-49.446328,True,True,True,"corridor_violation,koz_violation,chief_crossing_violation",1.146e-13
3170.000000,0.57079843,True,False,3.141590e+01,0.441069,49.812636,-50.187364,-1000.579838,-49.420162,True,True,True,"corridor_violation,koz_violation,chief_crossing_violation",1.421e-14
3180.000000,0.57259905,True,False,3.083449e+01,0.437231,49.802595,-50.197405,-1000.606260,-49.393740,True,True,True,"corridor_violation,koz_violation,chief_crossing_violation",1.146e-13
3190.000000,0.57439968,True,False,3.028270e+01,0.433488,49.792308,-50.207692,-1000.633551,-49.366449,True,True,True,"corridor_violation,koz_violation,chief_crossing_violation",1.421e-14
3200.000000,0.57620031,True,False,2.975845e+01,0.429834,49.781778,-50.218222,-1000.661067,-49.338933,True,True,True,"corridor_violation,koz_violation,chief_crossing_violation",1.465e-14
3210.000000,0.57800093,True,False,2.925984e+01,0.426260,49.771002,-50.228998,-1000.688927,-49.311073,True,True,True,"corridor_violation,koz_violation,chief_crossing_violation",0.000e+00
3220.000000,0.57980156,True,False,2.878517e+01,0.422764,49.759983,-50.240017,-1000.717528,-49.282472,True,True,True,"corridor_violation,koz_violation,chief_crossing_violation",2.864e-14
3230.000000,0.58160218,True,False,2.833285e+01,0.419338,49.748721,-50.251279,-1000.746342,-49.253658,True,True,True,"corridor_violation,koz_violation,chief_crossing_violation",2.291e-13
3240.000000,0.58340281,True,False,2.790147e+01,0.415979,49.737214,-50.262786,-1000.775570,-49.224430,True,True,True,"corridor_violation,koz_violation,chief_crossing_violation",1.137e-13
3250.000000,0.58520343,True,False,2.748972e+01,0.412683,49.725464,-50.274536,-1000.805432,-49.194568,True,True,True,"corridor_violation,koz_violation,chief_crossing_violation",1.421e-14
3260.000000,0.58700406,True,False,2.709638e+01,0.409445,49.713471,-50.286529,-1000.835501,-49.164499,True,True,True,"corridor_violation,koz_violation,chief_crossing_violation",2.864e-14
3270.000000,0.58880469,True,False,2.672037e+01,0.406264,49.701234,-50.298766,-1000.866028,-49.133972,True,True,True,"corridor_violation,koz_violation,chief_crossing_violation",3.553e-15
3280.000000,0.59060531,True,False,2.636066e+01,0.403135,49.688754,-50.311246,-1000.897111,-49.102889,True,True,True,"corridor_violation,koz_violation,chief_crossing_violation",3.553e-15
3290.000000,0.59240594,True,False,2.601633e+01,0.400056,49.676030,-50.323970,-1000.928393,-49.071607,True,True,True,"corridor_violation,koz_violation,chief_crossing_violation",1.421e-14
3300.000000,0.59420656,True,False,2.568650e+01,0.397025,49.663063,-50.336937,-1000.960159,-49.039841,True,True,True,"corridor_violation,koz_violation,chief_crossing_violation",1.465e-14
3310.000000,0.59600719,True,False,2.537038e+01,0.394039,49.649852,-50.350148,-1000.992424,-49.007576,True,True,True,"corridor_violation,koz_violation,chief_crossing_violation",3.553e-15
3320.000000,0.59780782,True,False,2.506724e+01,0.391096,49.636397,-50.363603,-1001.024883,-48.975117,True,True,True,"corridor_violation,koz_violation,chief_crossing_violation",1.421e-14
3330.000000,0.59960844,True,False,2.477638e+01,0.388194,49.622698,-50.377302,-1001.057829,-48.942171,True,True,True,"corridor_violation,koz_violation,chief_crossing_violation",0.000e+00
3340.000000,0.60140907,True,False,2.449716e+01,0.385332,49.608755,-50.391245,-1001.091244,-48.908756,True,True,True,"corridor_violation,koz_violation,chief_crossing_violation",1.421e-14
3350.000000,0.60320969,True,False,2.422900e+01,0.382507,49.594568,-50.405432,-1001.124848,-48.875152,True,True,True,"corridor_violation,koz_violation,chief_crossing_violation",2.842e-14
3360.000000,0.60501032,True,False,2.397135e+01,0.379719,49.580135,-50.419865,-1001.158919,-48.841081,True,True,True,"corridor_violation,koz_violation,chief_crossing_violation",2.864e-14
3370.000000,0.60681095,True,False,2.372370e+01,0.376965,49.565457,-50.434543,-1001.193454,-48.806546,True,True,True,"corridor_violation,koz_violation,chief_crossing_violation",0.000e+00
3380.000000,0.60861157,True,False,2.348555e+01,0.374245,49.550534,-50.449466,-1001.228176,-48.771824,True,True,True,"corridor_violation,koz_violation,chief_crossing_violation",2.842e-14
3390.000000,0.61041220,True,False,2.325648e+01,0.371558,49.535364,-50.464636,-1001.263321,-48.736679,True,True,True,"corridor_violation,koz_violation,chief_crossing_violation",1.172e-13
3400.000000,0.61221282,True,False,2.303605e+01,0.368901,49.519949,-50.480051,-1001.298950,-48.701050,True,True,True,"corridor_violation,koz_violation,chief_crossing_violation",2.842e-14
3410.000000,0.61401345,True,False,2.282388e+01,0.366275,49.504286,-50.495714,-1001.334765,-48.665235,True,True,True,"corridor_violation,koz_violation,chief_crossing_violation",1.421e-14
3420.000000,0.61581408,True,False,2.261960e+01,0.363678,49.488375,-50.511625,-1001.370937,-48.629063,True,True,True,"corridor_violation,koz_violation,chief_crossing_violation",1.421e-14
3430.000000,0.61761470,True,False,2.242287e+01,0.361109,49.472217,-50.527783,-1001.407638,-48.592362,True,True,True,"corridor_violation,koz_violation,chief_crossing_violation",1.421e-14
3440.000000,0.61941533,True,False,2.223336e+01,0.358568,49.455810,-50.544190,-1001.444525,-48.555475,True,True,True,"corridor_violation,koz_violation,chief_crossing_violation",2.842e-14
3450.000000,0.62121595,True,False,2.205078e+01,0.356054,49.439154,-50.560846,-1001.481680,-48.518320,True,True,True,"corridor_violation,koz_violation,chief_crossing_violation",0.000e+00
3460.000000,0.62301658,True,False,2.187483e+01,0.353565,49.422247,-50.577753,-1001.519435,-48.480565,True,True,True,"corridor_violation,koz_violation,chief_crossing_violation",1.421e-14
3470.000000,0.62481721,True,False,2.170524e+01,0.351101,49.405090,-50.594910,-1001.557376,-48.442624,True,True,True,"corridor_violation,koz_violation,chief_crossing_violation",1.421e-14
3480.000000,0.62661783,True,False,2.154177e+01,0.348663,49.387682,-50.612318,-1001.595504,-48.404496,True,True,True,"corridor_violation,koz_violation,chief_crossing_violation",0.000e+00
3490.000000,0.62841846,True,False,2.138418e+01,0.346248,49.370022,-50.629978,-1001.634266,-48.365734,True,True,True,"corridor_violation,koz_violation,chief_crossing_violation",1.421e-14
3500.000000,0.63021908,True,False,2.123225e+01,0.343856,49.352108,-50.647892,-1001.673246,-48.326754,True,True,True,"corridor_violation,koz_violation,chief_crossing_violation",0.000e+00
3510.000000,0.63201971,True,False,2.108575e+01,0.341487,49.333941,-50.666059,-1001.712415,-48.287585,True,True,True,"corridor_violation,koz_violation,chief_crossing_violation",2.842e-14
3520.000000,0.63382034,True,False,2.094449e+01,0.339141,49.315519,-50.684481,-1001.752065,-48.247935,True,True,True,"corridor_violation,koz_violation,chief_crossing_violation",1.421e-14
3530.000000,0.63562096,True,False,2.080829e+01,0.336816,49.296842,-50.703158,-1001.792072,-48.207928,True,True,True,"corridor_violation,koz_violation,chief_crossing_violation",5.684e-14
3540.000000,0.63742159,True,False,2.067696e+01,0.334513,49.277908,-50.722092,-1001.832271,-48.167729,True,True,True,"corridor_violation,koz_violation,chief_crossing_violation",1.421e-14
3550.000000,0.63922221,True,False,2.055033e+01,0.332230,49.258717,-50.741283,-1001.872775,-48.127225,True,True,True,"corridor_violation,koz_violation,chief_crossing_violation",1.421e-14
3560.000000,0.64102284,True,False,2.042824e+01,0.329968,49.239267,-50.760733,-1001.913801,-48.086199,True,True,True,"corridor_violation,koz_violation,chief_crossing_violation",2.842e-14
3570.000000,0.64282347,True,False,2.031055e+01,0.327726,49.219558,-50.780442,-1001.955021,-48.044979,True,True,True,"corridor_violation,koz_violation,chief_crossing_violation",1.421e-14
3580.000000,0.64462409,True,False,2.019711e+01,0.325504,49.199588,-50.800412,-1001.996441,-48.003559,True,True,True,"corridor_violation,koz_violation,chief_crossing_violation",2.842e-14
3590.000000,0.64642472,True,False,2.008778e+01,0.323301,49.179357,-50.820643,-1002.038385,-47.961615,True,True,True,"corridor_violation,koz_violation,chief_crossing_violation",1.465e-14
3600.000000,0.64822534,True,False,1.998243e+01,0.321117,49.158863,-50.841137,-1002.080621,-47.919379,True,True,True,"corridor_violation,koz_violation,chief_crossing_violation",1.421e-14
3610.000000,0.65002597,True,False,1.988095e+01,0.318952,49.138105,-50.861895,-1002.123061,-47.876939,True,True,True,"corridor_violation,koz_violation,chief_crossing_violation",4.263e-14
3620.000000,0.65182660,True,False,1.978321e+01,0.316805,49.117082,-50.882918,-1002.165786,-47.834214,True,True,True,"corridor_violation,koz_violation,chief_crossing_violation",4.263e-14
3630.000000,0.65362722,True,False,1.968910e+01,0.314677,49.095792,-50.904208,-1002.209035,-47.790965,True,True,True,"corridor_violation,koz_violation,chief_crossing_violation",0.000e+00
3640.000000,0.65542785,True,False,1.959853e+01,0.312566,49.074235,-50.925765,-1002.252493,-47.747507,True,True,True,"corridor_violation,koz_violation,chief_crossing_violation",2.842e-14
3650.000000,0.65722847,True,False,1.951138e+01,0.310472,49.052409,-50.947591,-1002.296163,-47.703837,True,True,True,"corridor_violation,koz_violation,chief_crossing_violation",0.000e+00
3660.000000,0.65902910,True,False,1.942757e+01,0.308396,49.030312,-50.969688,-1002.340233,-47.659767,True,True,True,"corridor_violation,koz_violation,chief_crossing_violation",0.000e+00
3670.000000,0.66082973,True,False,1.934701e+01,0.306337,49.007944,-50.992056,-1002.384707,-47.615293,True,True,True,"corridor_violation,koz_violation,chief_crossing_violation",1.432e-14
3680.000000,0.66263035,True,False,1.926962e+01,0.304294,48.985303,-51.014697,-1002.429401,-47.570599,True,True,True,"corridor_violation,koz_violation,chief_crossing_violation",0.000e+00
3690.000000,0.66443098,True,False,1.919530e+01,0.302268,48.962388,-51.037612,-1002.474318,-47.525682,True,True,True,"corridor_violation,koz_violation,chief_crossing_violation",8.528e-14
3700.000000,0.66623160,True,False,1.912398e+01,0.300258,48.939196,-51.060804,-1002.519685,-47.480315,True,True,True,"corridor_violation,koz_violation,chief_crossing_violation",1.421e-14
3710.000000,0.66803223,True,False,1.905560e+01,0.298265,48.915727,-51.084273,-1002.565404,-47.434596,True,True,True,"corridor_violation,koz_violation,chief_crossing_violation",0.000e+00
3720.000000,0.66983285,True,False,1.899008e+01,0.296287,48.891979,-51.108021,-1002.611353,-47.388647,True,True,True,"corridor_violation,koz_violation,chief_crossing_violation",4.263e-14
3730.000000,0.67163348,True,False,1.892735e+01,0.294325,48.867951,-51.132049,-1002.657538,-47.342462,True,True,True,"corridor_violation,koz_violation,chief_crossing_violation",1.421e-14
3740.000000,0.67343411,True,False,1.886736e+01,0.292379,48.843641,-51.156359,-1002.704159,-47.295841,True,True,True,"corridor_violation,koz_violation,chief_crossing_violation",0.000e+00
3750.000000,0.67523473,True,False,1.881004e+01,0.290448,48.819046,-51.180954,-1002.751146,-47.248854,True,True,True,"corridor_violation,koz_violation,chief_crossing_violation",2.848e-14
3760.000000,0.67703536,True,False,1.875533e+01,0.288532,48.794167,-51.205833,-1002.798375,-47.201625,True,True,True,"corridor_violation,koz_violation,chief_crossing_violation",1.421e-14
3770.000000,0.67883598,True,False,1.870319e+01,0.286631,48.769000,-51.231000,-1002.845853,-47.154147,True,True,True,"corridor_violation,koz_violation,chief_crossing_violation",4.267e-14
3780.000000,0.68063661,True,False,1.865355e+01,0.284745,48.743545,-51.256455,-1002.893692,-47.106308,True,True,True,"corridor_violation,koz_violation,chief_crossing_violation",2.842e-14
3790.000000,0.68243724,True,False,1.860638e+01,0.282874,48.717799,-51.282201,-1002.941974,-47.058026,True,True,True,"corridor_violation,koz_violation,chief_crossing_violation",2.848e-14
3800.000000,0.68423786,True,False,1.856163e+01,0.281017,48.691760,-51.308240,-1002.990511,-47.009489,True,True,True,"corridor_violation,koz_violation,chief_crossing_violation",2.842e-14
3810.000000,0.68603849,True,False,1.851925e+01,0.279174,48.665428,-51.334572,-1003.039310,-46.960690,True,True,True,"corridor_violation,koz_violation,chief_crossing_violation",4.263e-14
3820.000000,0.68783911,True,False,1.847920e+01,0.277346,48.638799,-51.361201,-1003.088376,-46.911624,True,True,True,"corridor_violation,koz_violation,chief_crossing_violation",2.842e-14
3830.000000,0.68963974,True,False,1.844144e+01,0.275533,48.611873,-51.388127,-1003.137943,-46.862057,True,True,True,"corridor_violation,koz_violation,chief_crossing_violation",2.842e-14
3840.000000,0.69144037,True,False,1.840594e+01,0.273733,48.584647,-51.415353,-1003.187821,-46.812179,True,True,True,"corridor_violation,koz_violation,chief_crossing_violation",4.267e-14
3850.000000,0.69324099,True,False,1.837266e+01,0.271947,48.557120,-51.442880,-1003.237976,-46.762024,True,True,True,"corridor_violation,koz_violation,chief_crossing_violation",1.432e-14
3860.000000,0.69504162,True,False,1.834157e+01,0.270175,48.529289,-51.470711,-1003.288411,-46.711589,True,True,True,"corridor_violation,koz_violation,chief_crossing_violation",2.848e-14
3870.000000,0.69684224,True,False,1.831264e+01,0.268416,48.501152,-51.498848,-1003.339133,-46.660867,True,True,True,"corridor_violation,koz_violation,chief_crossing_violation",2.842e-14
3880.000000,0.69864287,True,False,1.828583e+01,0.266671,48.472708,-51.527292,-1003.390383,-46.609617,True,True,True,"corridor_violation,koz_violation,chief_crossing_violation",1.776e-15
3890.000000,0.70044350,True,False,1.826113e+01,0.264940,48.443954,-51.556046,-1003.441929,-46.558071,True,True,True,"corridor_violation,koz_violation,chief_crossing_violation",0.000e+00
3900.000000,0.70224412,True,False,1.823849e+01,0.263222,48.414888,-51.585112,-1003.493771,-46.506229,True,True,True,"corridor_violation,koz_violation,chief_crossing_violation",0.000e+00
3910.000000,0.70404475,True,False,1.821791e+01,0.261517,48.385509,-51.614491,-1003.545917,-46.454083,True,True,True,"corridor_violation,koz_violation,chief_crossing_violation",2.842e-14
3920.000000,0.70584537,True,False,1.819936e+01,0.259826,48.355814,-51.644186,-1003.598370,-46.401630,True,True,True,"corridor_violation,koz_violation,chief_crossing_violation",1.421e-14
3930.000000,0.70764600,True,False,1.818282e+01,0.258147,48.325801,-51.674199,-1003.651266,-46.348734,True,True,True,"corridor_violation,koz_violation,chief_crossing_violation",8.527e-14
3940.000000,0.70944663,True,False,1.816826e+01,0.256482,48.295468,-51.704532,-1003.704557,-46.295443,True,True,True,"corridor_violation,koz_violation,chief_crossing_violation",4.263e-14
3950.000000,0.71124725,True,False,1.815567e+01,0.254830,48.264813,-51.735187,-1003.758168,-46.241832,True,True,True,"corridor_violation,koz_violation,chief_crossing_violation",1.421e-14
3960.000000,0.71304788,True,False,1.814504e+01,0.253190,48.233833,-51.766167,-1003.812103,-46.187897,True,True,True,"corridor_violation,koz_violation,chief_crossing_violation",5.684e-14
3970.000000,0.71484850,True,False,1.813634e+01,0.251564,48.202527,-51.797473,-1003.866369,-46.133631,True,True,True,"corridor_violation,koz_violation,chief_crossing_violation",2.844e-14
3980.000000,0.71664913,True,False,1.812957e+01,0.249950,48.170892,-51.829108,-1003.920972,-46.079028,True,True,True,"corridor_violation,koz_violation,chief_crossing_violation",1.421e-14
3990.000000,0.71844976,True,False,1.812472e+01,0.248349,48.138926,-51.861074,-1003.976003,-46.023997,True,True,True,"corridor_violation,koz_violation,chief_crossing_violation",9.948e-14
4000.000000,0.72025038,True,False,1.812176e+01,0.246760,48.106627,-51.893373,-1004.031466,-45.968534,True,True,True,"corridor_violation,koz_violation,chief_crossing_violation",4.263e-14
4010.000000,0.72205101,True,False,1.812070e+01,0.245184,48.073993,-51.926007,-1004.087277,-45.912723,True,True,True,"corridor_violation,koz_violation,chief_crossing_violation",1.424e-14
4020.000000,0.72385163,True,False,1.812152e+01,0.243621,48.041020,-51.958980,-1004.143443,-45.856557,True,True,True,"corridor_violation,koz_violation,chief_crossing_violation",4.263e-14
4030.000000,0.72565226,True,False,1.812422e+01,0.242070,48.007708,-51.992292,-1004.199970,-45.800030,True,True,True,"corridor_violation,koz_violation,chief_crossing_violation",5.685e-14
4040.000000,0.72745289,True,False,1.812879e+01,0.240532,47.974053,-52.025947,-1004.256864,-45.743136,True,True,True,"corridor_violation,koz_violation,chief_crossing_violation",1.421e-14
4050.000000,0.72925351,True,False,1.813523e+01,0.239006,47.940054,-52.059946,-1004.314131,-45.685869,True,True,True,"corridor_violation,koz_violation,chief_crossing_violation",2.842e-14
4060.000000,0.73105414,True,False,1.814353e+01,0.237492,47.905708,-52.094292,-1004.371782,-45.628218,True,True,True,"corridor_violation,koz_violation,chief_crossing_violation",4.263e-14
4070.000000,0.73285476,True,False,1.815369e+01,0.235991,47.871013,-52.128987,-1004.429942,-45.570058,True,True,True,"corridor_violation,koz_violation,chief_crossing_violation",2.842e-14
4080.000000,0.73465539,True,False,1.816571e+01,0.234502,47.835967,-52.164033,-1004.488487,-45.511513,True,True,True,"corridor_violation,koz_violation,chief_crossing_violation",2.842e-14
4090.000000,0.73645602,True,False,1.817959e+01,0.233025,47.800567,-52.199433,-1004.547424,-45.452576,True,True,True,"corridor_violation,koz_violation,chief_crossing_violation",0.000e+00
4100.000000,0.73825664,True,False,1.819533e+01,0.231561,47.764811,-52.235189,-1004.606760,-45.393240,True,True,True,"corridor_violation,koz_violation,chief_crossing_violation",0.000e+00
4110.000000,0.74005727,True,False,1.821294e+01,0.230109,47.728697,-52.271303,-1004.666501,-45.333499,True,True,True,"corridor_violation,koz_violation,chief_crossing_violation",4.263e-14
4120.000000,0.74185789,True,False,1.823241e+01,0.228669,47.692224,-52.307776,-1004.726654,-45.273346,True,True,True,"corridor_violation,koz_violation,chief_crossing_violation",1.421e-14
4130.000000,0.74365852,True,False,1.825376e+01,0.227242,47.655387,-52.344613,-1004.787225,-45.212775,True,True,True,"corridor_violation,koz_violation,chief_crossing_violation",2.842e-14
4140.000000,0.74545914,True,False,1.827698e+01,0.225827,47.618187,-52.381813,-1004.848221,-45.151779,True,True,True,"corridor_violation,koz_violation,chief_crossing_violation",2.842e-14
4150.000000,0.74725977,True,False,1.830209e+01,0.224424,47.580619,-52.419381,-1004.909649,-45.090351,True,True,True,"corridor_violation,koz_violation,chief_crossing_violation",1.421e-14
4160.000000,0.74906040,True,False,1.832910e+01,0.223033,47.542683,-52.457317,-1004.971515,-45.028485,True,True,True,"corridor_violation,koz_violation,chief_crossing_violation",1.421e-14
4170.000000,0.75086102,True,False,1.835801e+01,0.221654,47.504376,-52.495624,-1005.033826,-44.966174,True,True,True,"corridor_violation,koz_violation,chief_crossing_violation",7.105e-14
4180.000000,0.75266165,True,False,1.838884e+01,0.220288,47.465697,-52.534303,-1005.096641,-44.903359,True,True,True,"corridor_violation,koz_violation,chief_crossing_violation",4.263e-14
4190.000000,0.75446227,True,False,1.842159e+01,0.218934,47.426642,-52.573358,-1005.159918,-44.840082,True,True,True,"corridor_violation,koz_violation,chief_crossing_violation",5.684e-14
4200.000000,0.75626290,True,False,1.845629e+01,0.217592,47.387212,-52.612788,-1005.223653,-44.776347,True,True,True,"corridor_violation,koz_violation,chief_crossing_violation",1.421e-14
4210.000000,0.75806353,True,False,1.849294e+01,0.216263,47.347402,-52.652598,-1005.287854,-44.712146,True,True,True,"corridor_violation,koz_violation,chief_crossing_violation",0.000e+00
4220.000000,0.75986415,True,False,1.853156e+01,0.214946,47.307213,-52.692787,-1005.352529,-44.647471,True,True,True,"corridor_violation,koz_violation,chief_crossing_violation",2.842e-14
4230.000000,0.76166478,True,False,1.857217e+01,0.213641,47.266642,-52.733358,-1005.417683,-44.582317,True,True,True,"corridor_violation,koz_violation,chief_crossing_violation",4.263e-14
4240.000000,0.76346540,True,False,1.861479e+01,0.212349,47.225687,-52.774313,-1005.483324,-44.516676,True,True,True,"corridor_violation,koz_violation,chief_crossing_violation",2.842e-14
4250.000000,0.76526603,True,False,1.865944e+01,0.211069,47.184348,-52.815652,-1005.549460,-44.450540,True,True,True,"corridor_violation,koz_violation,chief_crossing_violation",2.843e-14
4260.000000,0.76706666,True,False,1.870613e+01,0.209802,47.142622,-52.857378,-1005.616097,-44.383903,True,True,True,"corridor_violation,koz_violation,chief_crossing_violation",7.105e-14
4270.000000,0.76886728,True,False,1.875489e+01,0.208548,47.100509,-52.899491,-1005.683242,-44.316758,True,True,True,"corridor_violation,koz_violation,chief_crossing_violation",4.263e-14
4280.000000,0.77066791,True,False,1.880575e+01,0.207306,47.058008,-52.941992,-1005.750902,-44.249098,True,True,True,"corridor_violation,koz_violation,chief_crossing_violation",4.263e-14
4290.000000,0.77246853,True,False,1.885873e+01,0.206076,47.015116,-52.984884,-1005.819086,-44.180914,True,True,True,"corridor_violation,koz_violation,chief_crossing_violation",2.844e-14
4300.000000,0.77426916,True,False,1.891386e+01,0.204860,46.971834,-53.028166,-1005.887799,-44.112201,True,True,True,"corridor_violation,koz_violation,chief_crossing_violation",4.264e-14
4310.000000,0.77606979,True,False,1.897116e+01,0.203656,46.928161,-53.071839,-1005.957050,-44.042950,True,True,True,"corridor_violation,koz_violation,chief_crossing_violation",8.527e-14
4320.000000,0.77787041,True,False,1.903067e+01,0.202465,46.884097,-53.115903,-1006.026846,-43.973154,True,True,True,"corridor_violation,koz_violation,chief_crossing_violation",5.684e-14
4330.000000,0.77967104,True,False,1.909242e+01,0.201287,46.839640,-53.160360,-1006.097194,-43.902806,True,True,True,"corridor_violation,koz_violation,chief_crossing_violation",4.264e-14
4340.000000,0.78147166,True,False,1.915643e+01,0.200123,46.794791,-53.205209,-1006.168101,-43.831899,True,True,True,"corridor_violation,koz_violation,chief_crossing_violation",2.842e-14
4350.000000,0.78327229,True,False,1.922276e+01,0.198971,46.749549,-53.250451,-1006.239576,-43.760424,True,True,True,"corridor_violation,koz_violation,chief_crossing_violation",1.421e-13
4360.000000,0.78507292,True,False,1.929142e+01,0.197833,46.703916,-53.296084,-1006.311626,-43.688374,True,True,True,"corridor_violation,koz_violation,chief_crossing_violation",1.421e-13
4370.000000,0.78687354,True,False,1.936247e+01,0.196708,46.657892,-53.342108,-1006.384258,-43.615742,True,True,True,"corridor_violation,koz_violation,chief_crossing_violation",1.421e-13
4380.000000,0.78867417,True,False,1.943594e+01,0.195597,46.611477,-53.388523,-1006.457502,-43.542498,True,True,True,"corridor_violation,koz_violation,chief_crossing_violation",1.421e-14
4390.000000,0.79047479,True,False,1.951187e+01,0.194499,46.564673,-53.435327,-1006.531389,-43.468611,True,True,True,"corridor_violation,koz_violation,chief_crossing_violation",1.563e-13
4400.000000,0.79227542,True,False,1.959031e+01,0.193415,46.517481,-53.482519,-1006.605888,-43.394112,True,True,True,"corridor_violation,koz_violation,chief_crossing_violation",1.421e-14
4410.000000,0.79407605,True,False,1.967131e+01,0.192345,46.469903,-53.530097,-1006.681006,-43.318994,True,True,True,"corridor_violation,koz_violation,chief_crossing_violation",5.684e-14
4420.000000,0.79587667,True,False,1.975491e+01,0.191289,46.421940,-53.578060,-1006.756751,-43.243249,True,True,True,"corridor_violation,koz_violation,chief_crossing_violation",1.421e-14
4430.000000,0.79767730,True,False,1.984116e+01,0.190248,46.373596,-53.626404,-1006.833131,-43.166869,True,True,True,"corridor_violation,koz_violation,chief_crossing_violation",2.842e-14
4440.000000,0.79947792,True,False,1.993012e+01,0.189221,46.324873,-53.675127,-1006.910155,-43.089845,True,True,True,"corridor_violation,koz_violation,chief_crossing_violation",1.421e-14
4450.000000,0.80127855,True,False,2.002185e+01,0.188208,46.275775,-53.724225,-1006.987829,-43.012171,True,True,True,"corridor_violation,koz_violation,chief_crossing_violation",7.818e-14
4460.000000,0.80307918,True,False,2.011640e+01,0.187210,46.226305,-53.773695,-1007.066163,-42.933837,True,True,True,"corridor_violation,koz_violation,chief_crossing_violation",0.000e+00
4470.000000,0.80487980,True,False,2.021383e+01,0.186228,46.176468,-53.823532,-1007.145164,-42.854836,True,True,True,"corridor_violation,koz_violation,chief_crossing_violation",9.948e-14
4480.000000,0.80668043,True,False,2.031420e+01,0.185260,46.126269,-53.873731,-1007.224901,-42.775099,True,True,True,"corridor_violation,koz_violation,chief_crossing_violation",1.421e-14
4490.000000,0.80848105,True,False,2.041759e+01,0.184308,46.075712,-53.924288,-1007.305392,-42.694608,True,True,True,"corridor_violation,koz_violation,chief_crossing_violation",1.421e-14
4500.000000,0.81028168,True,False,2.052406e+01,0.183371,46.024804,-53.975196,-1007.386581,-42.613419,True,True,True,"corridor_violation,koz_violation,chief_crossing_violation",4.977e-14
4510.000000,0.81208231,True,False,2.063369e+01,0.182451,45.973552,-54.026448,-1007.468476,-42.531524,True,True,True,"corridor_violation,koz_violation,chief_crossing_violation",7.105e-14
4520.000000,0.81388293,True,False,2.074654e+01,0.181546,45.921963,-54.078037,-1007.551087,-42.448913,True,True,True,"corridor_violation,koz_violation,chief_crossing_violation",9.948e-14
4530.000000,0.81568356,True,False,2.086270e+01,0.180658,45.870046,-54.129954,-1007.634420,-42.365580,True,True,True,"corridor_violation,koz_violation,chief_crossing_violation",9.237e-14
4540.000000,0.81748418,True,False,2.098225e+01,0.179787,45.817808,-54.182192,-1007.718539,-42.281461,True,True,True,"corridor_violation,koz_violation,chief_crossing_violation",2.842e-14
4550.000000,0.81928481,True,False,2.110528e+01,0.178932,45.765260,-54.234740,-1007.803515,-42.196485,True,True,True,"corridor_violation,koz_violation,chief_crossing_violation",4.974e-14
4560.000000,0.82108543,True,False,2.123188e+01,0.178095,45.712413,-54.287587,-1007.889246,-42.110754,True,True,True,"corridor_violation,koz_violation,chief_crossing_violation",8.527e-14
4570.000000,0.82288606,True,False,2.136214e+01,0.177276,45.659279,-54.340721,-1007.975741,-42.024259,True,True,True,"corridor_violation,koz_violation,chief_crossing_violation",5.684e-14
4580.000000,0.82468669,True,False,2.149615e+01,0.176474,45.605869,-54.394131,-1008.063009,-41.936991,True,True,True,"corridor_violation,koz_violation,chief_crossing_violation",2.842e-14
4590.000000,0.82648731,True,False,2.163403e+01,0.175691,45.552199,-54.447801,-1008.151159,-41.848841,True,True,True,"corridor_violation,koz_violation,chief_crossing_violation",1.350e-13
4600.000000,0.82828794,True,False,2.177588e+01,0.174927,45.498282,-54.501718,-1008.240201,-41.759799,True,True,True,"corridor_violation,koz_violation,chief_crossing_violation",7.324e-15
4610.000000,0.83008856,True,False,2.192182e+01,0.174182,45.444136,-54.555864,-1008.330049,-41.669951,True,True,True,"corridor_violation,koz_violation,chief_crossing_violation",6.395e-14
4620.000000,0.83188919,True,False,2.207195e+01,0.173456,45.389778,-54.610222,-1008.420713,-41.579287,True,True,True,"corridor_violation,koz_violation,chief_crossing_violation",2.132e-14
4630.000000,0.83368982,True,False,2.222640e+01,0.172750,45.335227,-54.664773,-1008.512301,-41.487699,True,True,True,"corridor_violation,koz_violation,chief_crossing_violation",2.139e-14
4640.000000,0.83549044,True,False,2.238531e+01,0.172065,45.280504,-54.719496,-1008.604850,-41.395150,True,True,True,"corridor_violation,koz_violation,chief_crossing_violation",9.948e-14
4650.000000,0.83729107,True,False,2.254880e+01,0.171401,45.225632,-54.774368,-1008.698248,-41.301752,True,True,True,"corridor_violation,koz_violation,chief_crossing_violation",1.776e-15
4660.000000,0.83909169,True,False,2.271702e+01,0.170758,45.170633,-54.829367,-1008.792505,-41.207495,True,True,True,"corridor_violation,koz_violation,chief_crossing_violation",6.397e-14
4670.000000,0.84089232,True,False,2.289012e+01,0.170137,45.115535,-54.884465,-1008.887852,-41.112148,True,True,True,"corridor_violation,koz_violation,chief_crossing_violation",1.421e-13
4680.000000,0.84269295,True,False,2.306825e+01,0.169538,45.060365,-54.939635,-1008.984108,-41.015892,True,True,True,"corridor_violation,koz_violation,chief_crossing_violation",1.066e-13
4690.000000,0.84449357,True,False,2.325157e+01,0.168963,45.005153,-54.994847,-1009.081258,-40.918742,True,True,True,"corridor_violation,koz_violation,chief_crossing_violation",2.842e-14
4700.000000,0.84629420,True,False,2.344025e+01,0.168411,44.949933,-55.050067,-1009.179500,-40.820500,True,True,True,"corridor_violation,koz_violation,chief_crossing_violation",1.066e-13
4710.000000,0.84809482,True,False,2.363448e+01,0.167884,44.894737,-55.105263,-1009.278741,-40.721259,True,True,True,"corridor_violation,koz_violation,chief_crossing_violation",7.824e-14
4720.000000,0.84989545,True,False,2.383444e+01,0.167382,44.839605,-55.160395,-1009.378912,-40.621088,True,True,True,"corridor_violation,koz_violation,chief_crossing_violation",1.918e-13
4730.000000,0.85169608,True,False,2.404032e+01,0.166906,44.784577,-55.215423,-1009.480248,-40.519752,True,True,True,"corridor_violation,koz_violation,chief_crossing_violation",1.066e-13
4740.000000,0.85349670,True,False,2.425234e+01,0.166456,44.729694,-55.270306,-1009.582603,-40.417397,True,True,True,"corridor_violation,koz_violation,chief_crossing_violation",1.137e-13
4750.000000,0.85529733,True,False,2.447072e+01,0.166034,44.675005,-55.324995,-1009.685950,-40.314050,True,True,True,"corridor_violation,koz_violation,chief_crossing_violation",0.000e+00
4760.000000,0.85709795,True,False,2.469567e+01,0.165640,44.620558,-55.379442,-1009.790556,-40.209444,True,True,True,"corridor_violation,koz_violation,chief_crossing_violation",0.000e+00
4770.000000,0.85889858,True,False,2.492745e+01,0.165275,44.566406,-55.433594,-1009.896155,-40.103845,True,True,True,"corridor_violation,koz_violation,chief_crossing_violation",3.553e-15
4780.000000,0.86069921,True,False,2.516631e+01,0.164940,44.512608,-55.487392,-1010.002945,-39.997055,True,True,True,"corridor_violation,koz_violation,chief_crossing_violation",1.137e-13
4790.000000,0.86249983,True,False,2.541251e+01,0.164636,44.459223,-55.540777,-1010.110893,-39.889107,True,True,True,"corridor_violation,koz_violation,chief_crossing_violation",0.000e+00
4800.000000,0.86430046,True,False,2.566634e+01,0.164364,44.406317,-55.593683,-1010.219944,-39.780056,True,True,True,"corridor_violation,koz_violation,chief_crossing_violation",2.274e-13
4810.000000,0.86610108,True,False,2.592809e+01,0.164125,44.353961,-55.646039,-1010.330310,-39.669690,True,True,True,"corridor_violation,koz_violation,chief_crossing_violation",3.553e-15
4820.000000,0.86790171,True,False,2.619808e+01,0.163921,44.302228,-55.697772,-1010.441734,-39.558266,True,True,True,"corridor_violation,koz_violation,chief_crossing_violation",0.000e+00
4830.000000,0.86970234,True,False,2.647664e+01,0.163752,44.251200,-55.748800,-1010.554584,-39.445416,True,True,True,"corridor_violation,koz_violation,chief_crossing_violation",3.553e-15
4840.000000,0.87150296,True,False,2.676412e+01,0.163620,44.200961,-55.799039,-1010.668527,-39.331473,True,True,True,"corridor_violation,koz_violation,chief_crossing_violation",0.000e+00
4850.000000,0.87330359,True,False,2.706089e+01,0.163526,44.151603,-55.848397,-1010.783895,-39.216105,True,True,True,"corridor_violation,koz_violation,chief_crossing_violation",3.553e-15
4860.000000,0.87510421,True,False,2.736735e+01,0.163471,44.103223,-55.896777,-1010.900428,-39.099572,True,True,True,"corridor_violation,koz_violation,chief_crossing_violation",0.000e+00
4870.000000,0.87690484,True,False,2.768391e+01,0.163458,44.055927,-55.944073,-1011.018422,-38.981578,True,True,True,"corridor_violation,koz_violation,chief_crossing_violation",1.137e-13
4880.000000,0.87870547,True,False,2.801101e+01,0.163488,44.009824,-55.990176,-1011.137620,-38.862380,True,True,True,"corridor_violation,koz_violation,chief_crossing_violation",1.137e-13
4890.000000,0.88050609,True,False,2.834911e+01,0.163562,43.965034,-56.034966,-1011.258350,-38.741650,True,True,True,"corridor_violation,koz_violation,chief_crossing_violation",3.553e-15
4900.000000,0.88230672,True,False,2.869872e+01,0.163682,43.921682,-56.078318,-1011.380317,-38.619683,True,True,True,"corridor_violation,koz_violation,chief_crossing_violation",3.553e-15
4910.000000,0.88410734,True,False,2.906037e+01,0.163851,43.879903,-56.120097,-1011.503864,-38.496136,True,True,True,"corridor_violation,koz_violation,chief_crossing_violation",0.000e+00
4920.000000,0.88590797,True,False,2.943461e+01,0.164070,43.839840,-56.160160,-1011.628743,-38.371257,True,True,True,"corridor_violation,koz_violation,chief_crossing_violation",1.137e-13
4930.000000,0.88770860,True,False,2.982203e+01,0.164342,43.801645,-56.198355,-1011.755152,-38.244848,True,True,True,"corridor_violation,koz_violation,chief_crossing_violation",1.137e-13
4940.000000,0.88950922,True,False,3.022329e+01,0.164668,43.765480,-56.234520,-1011.883055,-38.116945,True,True,True,"corridor_violation,koz_violation,chief_crossing_violation",1.137e-13
4950.000000,0.89130985,True,False,3.063905e+01,0.165052,43.731517,-56.268483,-1012.012404,-37.987596,True,True,True,"corridor_violation,koz_violation,chief_crossing_violation",1.137e-13
4960.000000,0.89311047,True,False,3.107005e+01,0.165496,43.699938,-56.300062,-1012.143445,-37.856555,True,True,True,"corridor_violation,koz_violation,chief_crossing_violation",1.137e-13
4970.000000,0.89491110,True,False,3.151705e+01,0.166002,43.670936,-56.329064,-1012.275961,-37.724039,True,True,True,"corridor_violation,koz_violation,chief_crossing_violation",1.137e-13
4980.000000,0.89671172,True,False,3.198089e+01,0.166575,43.644714,-56.355286,-1012.410107,-37.589893,True,True,True,"corridor_violation,koz_violation,chief_crossing_violation",3.553e-15
4990.000000,0.89851235,True,False,3.246246e+01,0.167216,43.621490,-56.378510,-1012.545944,-37.454056,True,True,True,"corridor_violation,koz_violation,chief_crossing_violation",0.000e+00
5000.000000,0.90031298,True,False,3.296270e+01,0.167930,43.601490,-56.398510,-1012.683364,-37.316636,True,True,True,"corridor_violation,koz_violation,chief_crossing_violation",1.137e-13
5010.000000,0.90211360,True,False,3.348265e+01,0.168720,43.584955,-56.415045,-1012.822515,-37.177485,True,True,True,"corridor_violation,koz_violation,chief_crossing_violation",3.553e-15
5020.000000,0.90391423,True,False,3.402341e+01,0.169591,43.572137,-56.427863,-1012.963442,-37.036558,True,True,True,"corridor_violation,koz_violation,chief_crossing_violation",2.274e-13
5030.000000,0.90571485,True,False,3.458615e+01,0.170546,43.563301,-56.436699,-1013.106061,-36.893939,True,True,True,"corridor_violation,koz_violation,chief_crossing_violation",1.137e-13
5040.000000,0.90751548,True,False,3.517216e+01,0.171590,43.558726,-56.441274,-1013.250430,-36.749570,True,True,True,"corridor_violation,koz_violation,chief_crossing_violation",0.000e+00
5050.000000,0.90931611,True,False,3.578281e+01,0.172729,43.558700,-56.441300,-1013.396746,-36.603254,True,True,True,"corridor_violation,koz_violation,chief_crossing_violation",3.553e-15
5060.000000,0.91111673,True,False,3.641961e+01,0.173967,43.563526,-56.436474,-1013.544866,-36.455134,True,True,True,"corridor_violation,koz_violation,chief_crossing_violation",0.000e+00
5070.000000,0.91291736,True,False,3.708415e+01,0.175311,43.573518,-56.426482,-1013.694829,-36.305171,True,True,True,"corridor_violation,koz_violation,chief_crossing_violation",1.138e-13
5080.000000,0.91471798,True,False,3.777821e+01,0.176766,43.588998,-56.411002,-1013.846684,-36.153316,True,True,True,"corridor_violation,koz_violation,chief_crossing_violation",1.137e-13
5090.000000,0.91651861,True,False,3.850367e+01,0.178340,43.610302,-56.389698,-1014.000612,-35.999388,True,True,True,"corridor_violation,koz_violation,chief_crossing_violation",0.000e+00
5100.000000,0.91831924,True,False,3.926261e+01,0.180040,43.637770,-56.362230,-1014.156498,-35.843502,True,True,True,"corridor_violation,koz_violation,chief_crossing_violation",0.000e+00
